"Geo Point","Geo Shape","INSEE","NOMBRE_BAC","TYPOLOGIE_SITE","STATUT","HORAIRES_LUNDI","HORAIRES_MARDI","HORAIRES_MERCREDI","HORAIRES_JEUDI","HORAIRES_VENDREDI","HORAIRES_SAMEDI","HORAIRES_DIMANCHE","HORAIRES_COMP","CONTACT","ADRESSE","VOLUME_BAC","MDATE","GID","NIV_REFERENT","DATE_MES","GEOM_O","GEOM_ERR","LIBELLE","CDATE","URL_PHOTO"
"44.811856, -0.6191141","{""type"": ""Point"", ""coordinates"": [-0.6191141, 44.811856]}","33318",3,"ENTREPRISE","EN_SERVICE","FERME","FERME","FERME","FERME","FERME","FERME","FERME",,"bmcompost@bordeaux-metropole.fr","101 Avenue Jean Jaurès, 33600 Pessac",400,"2020-06-25 14:26:39+02:00","1824","REFERENT_DE_SITE","2020-06-24T22:00:00","0",,"Chez le boulanger","2020-04-23 16:48:44+02:00","https://fichiers.bordeaux-metropole.fr/geo/composteurs/pessac_ent_chezlzboulanger.jpg"
"44.8013662, -0.5446368","{""type"": ""Point"", ""coordinates"": [-0.5446368, 44.8013662]}","33039",3,"DOMAINE_PUBLIC","EN_SERVICE","FERME","18h30","FERME","FERME","FERME","FERME","FERME",,"bmcompost@bordeaux-metropole.fr","Avenue Jeanne d'Arc, 33130 Bègles",1000,"2020-08-19 16:12:27+02:00","1827","REFERENT_DE_SITE","2020-04-22T22:00:00","0",,"Square de Suhl","2020-04-23 17:15:58+02:00","https://fichiers.bordeaux-metropole.fr/geo/composteurs/begles_dompublic_squaredesulh.jpg"
"44.8052268, -0.571511","{""type"": ""Point"", ""coordinates"": [-0.571511, 44.8052268]}","33039",3,"RESIDENCE","EN_SERVICE","FERME","FERME","FERME","FERME","FERME","FERME","FERME",,"bmcompost@bordeaux-metropole.fr","208 Route de Toulouse, 33130 Bègles",800,"2020-06-08 14:12:40+02:00","1856","REFERENT_DE_SITE","2020-05-04T22:00:00","0",,"Résidence Mont Louis","2020-05-05 17:25:33+02:00","https://fichiers.bordeaux-metropole.fr/geo/composteurs/"
"44.8438814, -0.6076464","{""type"": ""Point"", ""coordinates"": [-0.6076464, 44.8438814]}","33063",3,"RESIDENCE","EN_SERVICE","FERME","FERME","FERME","FERME","FERME","FERME","FERME",,"bmcompost@bordeaux-metropole.fr","111 rue Jules Ferry, 33000 Bordeaux",600,"2020-06-08 17:53:08+02:00","1857","REFERENT_DE_SITE","2020-05-18T22:00:00","0",,"Résidence Bel Air","2020-05-05 17:28:43+02:00","https://fichiers.bordeaux-metropole.fr/geo/composteurs/bordeaux_res_belair.jpg"
"44.8617817, -0.5929481","{""type"": ""Point"", ""coordinates"": [-0.5929481, 44.8617817]}","33069",3,"RESIDENCE","EN_SERVICE","FERME","FERME","FERME","FERME","FERME","FERME","FERME",,"bmcompost@bordeaux-metropole.fr","113-119 Avenue de Tivoli, 33110 Le Bouscat",1000,"2020-06-08 17:47:46+02:00","1806","REFERENT_DE_SITE","2020-05-10T22:00:00","0",,"Résidence Calypso","2020-04-21 14:01:40+02:00","https://fichiers.bordeaux-metropole.fr/geo/composteurs/lebouscat_res_calypso.jpg"
"44.8179358, -0.6828753","{""type"": ""Point"", ""coordinates"": [-0.6828753, 44.8179358]}","33281",3,"RESIDENCE","EN_SERVICE","FERME","FERME","FERME","FERME","FERME","FERME","FERME",,"bmcompost@bordeaux-metropole.fr","45 avenue Jean Monnet, 33700 Mérignac",600,"2020-08-13 15:56:14+02:00","1925","REFERENT_DE_SITE","2020-05-24T22:00:00","0",,"résidence Villa Clara","2020-05-25 14:14:08+02:00","https://fichiers.bordeaux-metropole.fr/geo/composteurs/merignac_res_villaclara.jpg"
"44.774771, -0.6292625","{""type"": ""Point"", ""coordinates"": [-0.6292625, 44.774771]}","33192",3,"ENTREPRISE","EN_SERVICE","FERME","FERME","FERME","FERME","FERME","FERME","FERME",,"bmcompost@bordeaux-metropole.fr","19 chemin du solarium, 33170 Gradignan",400,"2020-06-08 17:36:41+02:00","1905","REFERENT_DE_SITE","2020-05-11T22:00:00","0",,"encbg","2020-05-12 16:27:24+02:00","https://fichiers.bordeaux-metropole.fr/geo/composteurs/gradignan-ent-encbg.jpg"
"44.8567592, -0.5305418","{""type"": ""Point"", ""coordinates"": [-0.5305418, 44.8567592]}","33119",5,"ASSOCIATION","EN_SERVICE","FERME","FERME","FERME","18h à 20h","FERME","FERME","FERME",,"bmcompost@bordeaux-metropole.fr","rue René Bonnac, 33150 Cenon",1000,"2020-09-16 15:46:14+02:00","1800","MAITRE_COMPOSTEUR","2020-09-15T22:00:00","0",,"AMAP Gourmandignes","2020-04-21 14:01:40+02:00","https://fichiers.bordeaux-metropole.fr/geo/composteurs/cenon_asso_amaplesgourmandine.jpg"
"44.8274483, -0.5598715","{""type"": ""Point"", ""coordinates"": [-0.5598715, 44.8274483]}","33063",4,"RESIDENCE","EN_SERVICE","FERME","FERME","FERME","FERME","FERME","FERME","FERME",,"bmcompost@bordeaux-metropole.fr","3 Rue des Anciens Combattants d'Afrique, 33800 Bordeaux",1000,"2020-06-02 16:09:37+02:00","1823","REFERENT_DE_SITE","2020-05-18T22:00:00","0",,"Résidence Belle Étoile","2020-04-21 14:01:40+02:00","https://fichiers.bordeaux-metropole.fr/geo/composteurs/bordeaux_res_belleetoile.jpg"
"44.8429779, -0.5854497","{""type"": ""Point"", ""coordinates"": [-0.5854497, 44.8429779]}","33063",6,"DOMAINE_PUBLIC","COMPLET","FERME","FERME","18:00-19:00","FERME","FERME","FERME","FERME","En hiver 17h - 18. En été 18h - 19h","bmcompost@bordeaux-metropole.fr","Place Saint Seurin, 33000 Bordeaux",1000,"2020-06-08 17:52:17+02:00","1802","MAITRE_COMPOSTEUR","2020-06-02T22:00:00","0",,"Jardin Partagé Saint-Seurin - Clos Serein","2020-04-21 14:01:40+02:00","https://fichiers.bordeaux-metropole.fr/geo/composteurs/bordeaux_dompublic_saintseurin.jpg"
"44.7797749, -0.5690388","{""type"": ""Point"", ""coordinates"": [-0.5690388, 44.7797749]}","33550",3,"ETABLISSEMENT_SCOLAIRE","EN_SERVICE","FERME","FERME","FERME","FERME","FERME","FERME","FERME",,"bmcompost@bordeaux-metropole.fr","5 allée du Commandant Moos, 33140 Villenave-d'Ornon",800,"2020-06-08 14:16:11+02:00","1846","REFERENT_DE_SITE","2020-05-18T22:00:00","0",,"Collège pont de la maye","2020-05-05 13:01:39+02:00","https://fichiers.bordeaux-metropole.fr/geo/composteurs/villenavedornon_etbsco_pontdelamaye.jpg"
"44.8455973, -0.6311143","{""type"": ""Point"", ""coordinates"": [-0.6311143, 44.8455973]}","33281",6,"ASSOCIATION","EN_SERVICE","FERME","FERME","FERME","FERME","FERME","FERME","FERME",,"bmcompost@bordeaux-metropole.fr","rue Erik Satie, 33700 Mérignac",1000,"2020-06-08 17:44:31+02:00","1907","GUIDE_COMPOSTEUR","2020-05-12T22:00:00","0",,"MJC CL2V","2020-05-13 11:53:39+02:00","https://fichiers.bordeaux-metropole.fr/geo/composteurs/bordeaux_asso_mjccl2v.jpg"
"44.8046562, -0.540904","{""type"": ""Point"", ""coordinates"": [-0.540904, 44.8046562]}","33039",3,"RESIDENCE","EN_SERVICE","FERME","FERME","FERME","FERME","FERME","FERME","FERME",,"bmcompost@bordeaux-metropole.fr","92 rue des Quatre Castera, 33130 Bègles",800,"2020-06-08 14:11:41+02:00","1887","REFERENT_DE_SITE","2020-05-06T22:00:00","0",,"Résidence Castera","2020-05-07 13:26:12+02:00","https://fichiers.bordeaux-metropole.fr/geo/composteurs/"
"44.7994948, -0.6764692","{""type"": ""Point"", ""coordinates"": [-0.6764692, 44.7994948]}","33318",2,"ETABLISSEMENT_SCOLAIRE","EN_SERVICE","FERME","FERME","FERME","FERME","FERME","FERME","FERME",,,"2 Rue Irène et Frédéric Joliot Curie, 33600 Pessac",600,"2020-08-28 18:26:07+02:00","1826","REFERENT_DE_SITE","2020-04-22T22:00:00","0",,"Ecole Joliot Curie","2020-04-23 17:04:19+02:00","https://fichiers.bordeaux-metropole.fr/geo/composteurs/pessac_etabsco_joliotcurie.jpg"
"44.8164672, -0.5468879","{""type"": ""Point"", ""coordinates"": [-0.5468879, 44.8164672]}","33039",4,"RESIDENCE","EN_SERVICE","FERME","FERME","FERME","FERME","FERME","FERME","FERME",,"bmcompost@bordeaux-metropole.fr","rue Charles Domercq, 33130 Bègles",600,"2020-06-08 14:12:09+02:00","1863","REFERENT_DE_SITE","2020-05-05T22:00:00","0",,"Résidence Paul Eluard","2020-05-06 16:48:43+02:00","https://fichiers.bordeaux-metropole.fr/geo/composteurs/begles_res_pauleluard.jpg"
"44.8253707, -0.5870894","{""type"": ""Point"", ""coordinates"": [-0.5870894, 44.8253707]}","33063",3,"RESIDENCE","EN_SERVICE","FERME","FERME","FERME","FERME","FERME","FERME","FERME",,"bmcompost@bordeaux-metropole.fr","28 rue ségur, 33000 Bordeaux",600,"2020-06-08 17:55:36+02:00","1868","REFERENT_DE_SITE","2020-05-05T22:00:00","0",,"Résidence Ségur","2020-05-06 17:06:26+02:00","https://fichiers.bordeaux-metropole.fr/geo/composteurs/"
"44.8446275, -0.6123495","{""type"": ""Point"", ""coordinates"": [-0.6123495, 44.8446275]}","33063",3,"RESIDENCE","EN_SERVICE","FERME","FERME","FERME","FERME","FERME","FERME","FERME",,"bmcompost@bordeaux-metropole.fr","30 rue Marcelin Berthelot, 33000 Bordeaux",600,"2020-06-08 17:53:18+02:00","1870","REFERENT_DE_SITE","2020-05-18T22:00:00","0",,"Résidence Le Flore","2020-05-06 17:12:17+02:00","https://fichiers.bordeaux-metropole.fr/geo/composteurs/bordeaux_res_leflore.jpg"
"44.8778987, -0.6011048","{""type"": ""Point"", ""coordinates"": [-0.6011048, 44.8778987]}","33075",3,"RESIDENCE","EN_SERVICE","FERME","FERME","FERME","FERME","FERME","FERME","FERME",,"bmcompost@bordeaux-metropole.fr","22 rue Maumey, 33520 Bruges",1000,"2020-09-11 11:09:37+02:00","1875","REFERENT_DE_SITE","2020-09-10T22:00:00","0",,"Résidence Les Lierres","2020-05-06 17:40:13+02:00","https://fichiers.bordeaux-metropole.fr/geo/composteurs/bruges_res_leslierres.jpg"
"44.864259, -0.5620297","{""type"": ""Point"", ""coordinates"": [-0.5620297, 44.864259]}","33063",3,"RESIDENCE","EN_SERVICE","FERME","FERME","FERME","FERME","FERME","FERME","FERME",,"bmcompost@bordeaux-metropole.fr","125 rue Edouard Vaillant, 33000 Bordeaux",800,"2020-06-08 17:51:08+02:00","1876","REFERENT_DE_SITE","2020-05-18T22:00:00","0",,"Résidence Edouard Vaillant Bis","2020-05-06 17:42:42+02:00","https://fichiers.bordeaux-metropole.fr/geo/composteurs/bordeaux_res_edouardvaillantbis.jpg"
"44.8629567, -0.5613947","{""type"": ""Point"", ""coordinates"": [-0.5613947, 44.8629567]}","33063",3,"RESIDENCE","EN_SERVICE","FERME","FERME","FERME","FERME","FERME","FERME","FERME",,"bmcompost@bordeaux-metropole.fr","120 rue Edouard Vaillant, 33000 Bordeaux",600,"2020-06-08 17:51:34+02:00","1877","REFERENT_DE_SITE","2020-05-18T22:00:00","0",,"résidence Edouard Vaillant","2020-05-06 17:43:57+02:00","https://fichiers.bordeaux-metropole.fr/geo/composteurs/bordeaux_res_edouardvaillant.jpg"
"44.847991, -0.6467946","{""type"": ""Point"", ""coordinates"": [-0.6467946, 44.847991]}","33281",3,"RESIDENCE","EN_SERVICE","FERME","FERME","FERME","FERME","FERME","FERME","FERME",,"bmcompost@bordeaux-metropole.fr","Avenue jean Cocteau, 33700 Mérignac",1000,"2020-06-08 17:45:00+02:00","1914","REFERENT_DE_SITE","2020-05-18T22:00:00","0",,"résidence Belle France","2020-05-19 12:11:12+02:00","https://fichiers.bordeaux-metropole.fr/geo/composteurs/merignac_res_bellefrancebis.jpg"
"44.8653978, -0.6013525","{""type"": ""Point"", ""coordinates"": [-0.6013525, 44.8653978]}","33069",3,"RESIDENCE","EN_SERVICE","FERME","FERME","FERME","FERME","FERME","FERME","FERME",,"bmcompost@bordeaux-metropole.fr","11 rue Formigé, 33110 Le Bouscat",600,"2020-06-08 17:48:15+02:00","1766","REFERENT_DE_SITE","2020-05-03T22:00:00","0",,"Résidence Oréa","2020-04-21 14:01:40+02:00","https://fichiers.bordeaux-metropole.fr/geo/composteurs/"
"44.8011535, -0.6030964","{""type"": ""Point"", ""coordinates"": [-0.6030964, 44.8011535]}","33522",3,"RESIDENCE","EN_SERVICE","FERME","FERME","FERME","FERME","FERME","FERME","FERME",,"bmcompost@bordeaux-metropole.fr","allée Pierre de Coubertin, 33400 Talence",400,"2020-06-08 17:39:14+02:00","1771","REFERENT_DE_SITE","2020-05-03T22:00:00","0",,"Résidence étudiante Arts et Métier-ENSAM","2020-04-21 14:01:40+02:00","https://fichiers.bordeaux-metropole.fr/geo/composteurs/talence_etabsco_ensam.jpg"
"44.8741717, -0.5183788","{""type"": ""Point"", ""coordinates"": [-0.5183788, 44.8741717]}","33249",4,"RESIDENCE","EN_SERVICE","FERME","FERME","FERME","FERME","FERME","FERME","FERME",,"bmcompost@bordeaux-metropole.fr","3-4 rue Albert Camus, 33310 Lormont",800,"2020-06-08 14:02:01+02:00","1777","REFERENT_DE_SITE","2020-05-04T22:00:00","0",,"Résidence La Ferté","2020-04-21 14:01:40+02:00","https://fichiers.bordeaux-metropole.fr/geo/composteurs/lormont_res_laferte.jpg"
"44.8498199, -0.5384043","{""type"": ""Point"", ""coordinates"": [-0.5384043, 44.8498199]}","33063",3,"ASSOCIATION","EN_SERVICE","FERME","FERME","FERME","FERME","FERME","FERME","FERME",,"bmcompost@bordeaux-metropole.fr","77 rue Reinette, 33000 Bordeaux",1000,"2020-06-08 14:04:51+02:00","1779","REFERENT_DE_SITE","2020-05-04T22:00:00","0",,"La Chiffone Rit","2020-04-21 14:01:40+02:00","https://fichiers.bordeaux-metropole.fr/geo/composteurs/"
"44.8584825, -0.5881545","{""type"": ""Point"", ""coordinates"": [-0.5881545, 44.8584825]}","33063",3,"RESIDENCE","EN_SERVICE","FERME","FERME","FERME","FERME","FERME","FERME","FERME",,"bmcompost@bordeaux-metropole.fr","261 rue Mandron, 33000 Bordeaux",1000,"2020-06-08 17:52:01+02:00","1787","REFERENT_DE_SITE","2020-05-05T22:00:00","0",,"Résidence Noisetiers","2020-04-21 14:01:40+02:00","https://fichiers.bordeaux-metropole.fr/geo/composteurs/bordeaux_res_lesnoisetiers.jpg"
"44.8672504, -0.6079823","{""type"": ""Point"", ""coordinates"": [-0.6079823, 44.8672504]}","33069",6,"RESIDENCE","EN_SERVICE","FERME","FERME","FERME","FERME","FERME","FERME","FERME",,"bmcompost@bordeaux-metropole.fr","342 Avenue de la Libération Charles de Gaulle, 33110 Le Bouscat",1000,"2020-06-03 11:07:10+02:00","1792","REFERENT_DE_SITE","2020-05-06T22:00:00","0",,"Résidence les Cédres Argentés","2020-04-21 14:01:40+02:00","https://fichiers.bordeaux-metropole.fr/geo/composteurs/"
"44.8801145, -0.5730561","{""type"": ""Point"", ""coordinates"": [-0.5730561, 44.8801145]}","33063",3,"RESIDENCE","EN_SERVICE","FERME","FERME","FERME","FERME","FERME","FERME","FERME",,"bmcompost@bordeaux-metropole.fr","22 Avenue Marcel Dassault, Bordeaux",800,"2020-09-08 16:23:59+02:00","1793","REFERENT_DE_SITE","2020-09-07T22:00:00","0",,"Résidence Marcel Dassault / Galilée","2020-04-21 14:01:40+02:00","https://fichiers.bordeaux-metropole.fr/geo/composteurs/bordeaux_res_galilee.jpg"
"44.8281175, -0.5745592","{""type"": ""Point"", ""coordinates"": [-0.5745592, 44.8281175]}","33063",3,"DOMAINE_PUBLIC","EN_SERVICE","FERME","FERME","FERME","FERME","FERME","FERME","FERME",,"bmcompost@bordeaux-metropole.fr","76 Cours de l'Argonne, 33000 Bordeaux",600,"2020-06-02 16:09:37+02:00","1817","REFERENT_DE_SITE","2020-05-10T22:00:00","0",,"L'Agence Créative","2020-04-21 14:01:40+02:00","https://fichiers.bordeaux-metropole.fr/geo/composteurs/bordeaux_dompublic_agencecreative.jpg"
"44.7998581, -0.6344397","{""type"": ""Point"", ""coordinates"": [-0.6344397, 44.7998581]}","33318",6,"DOMAINE_PUBLIC","COMPLET","FERME","FERME","FERME","FERME","FERME","FERME","FERME",,"bmcompost@bordeaux-metropole.fr","25 Avenue Montesquieu, 33600 Pessac",1000,"2020-08-20 12:09:43+02:00","1819","GUIDE_COMPOSTEUR","2020-08-19T22:00:00","0",,"Les incroyables comestibles - Potager de Sardine","2020-04-21 14:01:40+02:00","https://fichiers.bordeaux-metropole.fr/geo/composteurs/pessac_dompublic_potagerdessardines.jpg"
"44.8875676, -0.5225871","{""type"": ""Point"", ""coordinates"": [-0.5225871, 44.8875676]}","33249",3,"DOMAINE_PUBLIC","EN_SERVICE","FERME","FERME","FERME","FERME","FERME","FERME","FERME",,"bmcompost@bordeaux-metropole.fr","1bis Rue du Manoir, 33310 Lormont",1000,"2020-06-02 16:09:37+02:00","1821","REFERENT_DE_SITE","2020-05-10T22:00:00","0",,"Rue du Manoir","2020-04-21 14:01:40+02:00","https://fichiers.bordeaux-metropole.fr/geo/composteurs/"
"44.8094642, -0.6000712","{""type"": ""Point"", ""coordinates"": [-0.6000712, 44.8094642]}","33522",3,"JARDINS_PARTAGES","EN_SERVICE","FERME","FERME","FERME","FERME","FERME","FERME","FERME",,"bmcompost@bordeaux-metropole.fr","Rue Pierre Noailles, 33400 Talence",400,"2020-09-16 16:10:51+02:00","1838","REFERENT_DE_SITE","2020-09-15T22:00:00","0",,"Jardin de la fourmillière","2020-05-04 16:39:02+02:00","https://fichiers.bordeaux-metropole.fr/geo/composteurs/talence_jardinpart_lafourmiliere.jpg"
"44.8449087, -0.5592481","{""type"": ""Point"", ""coordinates"": [-0.5592481, 44.8449087]}","33063",3,"DOMAINE_PUBLIC","EN_SERVICE","FERME","FERME","09:30-11:30","FERME","17:30-19:30","FERME","FERME",,"bmcompost@bordeaux-metropole.fr","esplanade linné, 33000 Bordeaux",1000,"2020-06-08 14:05:27+02:00","1840","REFERENT_DE_SITE","2020-05-21T22:00:00","0",,"Jardin Botanique","2020-05-04 18:48:42+02:00","https://fichiers.bordeaux-metropole.fr/geo/composteurs/bordeaux_dompublic_jardinbotanique.jpg"
"44.9059963, -0.6465198","{""type"": ""Point"", ""coordinates"": [-0.6465198, 44.9059963]}","33056",3,"ETABLISSEMENT_SCOLAIRE","EN_SERVICE","FERME","FERME","FERME","FERME","FERME","FERME","FERME",,"bmcompost@bordeaux-metropole.fr","12 avenue du  8 mai, 33290 Blanquefort",600,"2020-06-08 11:46:22+02:00","1841","REFERENT_DE_SITE","2020-05-03T22:00:00","0",,"Saint Joseph","2020-05-04 18:52:37+02:00","https://fichiers.bordeaux-metropole.fr/geo/composteurs/"
"44.8280246, -0.5642722","{""type"": ""Point"", ""coordinates"": [-0.5642722, 44.8280246]}","33063",3,"RESIDENCE","EN_SERVICE","FERME","FERME","FERME","FERME","FERME","FERME","FERME",,"bmcompost@bordeaux-metropole.fr","149 bis cours de la Marne, 33000 Bordeaux",1000,"2020-06-08 17:57:55+02:00","1843","REFERENT_DE_SITE","2020-05-18T22:00:00","0",,"Résidence Urban art","2020-05-04 19:02:19+02:00","https://fichiers.bordeaux-metropole.fr/geo/composteurs/bordeaux_res_urbanart.jpg"
"44.7998822, -0.675561","{""type"": ""Point"", ""coordinates"": [-0.675561, 44.7998822]}","33318",3,"ETABLISSEMENT_SCOLAIRE","EN_SERVICE","FERME","FERME","FERME","FERME","FERME","FERME","FERME",,"bmcompost@bordeaux-metropole.fr","allée des ailes Françaises, 33600 Pessac",400,"2020-06-08 17:41:08+02:00","1884","REFERENT_DE_SITE","2020-05-06T22:00:00","0",,"Ecole Joliot Curie","2020-05-07 13:18:30+02:00","https://fichiers.bordeaux-metropole.fr/geo/composteurs/"
"44.8628877, -0.5711136","{""type"": ""Point"", ""coordinates"": [-0.5711136, 44.8628877]}","33063",3,"RESIDENCE","EN_SERVICE","FERME","FERME","FERME","FERME","FERME","FERME","FERME",,"bmcompost@bordeaux-metropole.fr","143 Cours du Médoc, 33000 Bordeaux",600,"2020-08-14 17:10:12+02:00","1896","REFERENT_DE_SITE","2020-05-06T22:00:00","0",,"Résidence Square du Médoc","2020-05-07 17:09:41+02:00","https://fichiers.bordeaux-metropole.fr/geo/composteurs/bordeaux_res_squaredumedoc.jpg"
"44.8838948, -0.6135024","{""type"": ""Point"", ""coordinates"": [-0.6135024, 44.8838948]}","33075",6,"RESIDENCE","EN_SERVICE","FERME","FERME","FERME","FERME","FERME","FERME","FERME",,"bmcompost@bordeaux-metropole.fr","1 rue Maurice Ravel,33520 Bruges",1000,"2020-06-08 11:55:35+02:00","1850","REFERENT_DE_SITE","2020-05-17T22:00:00","0",,"Résidence La tour de la salle 1","2020-05-05 15:41:30+02:00","https://fichiers.bordeaux-metropole.fr/geo/composteurs/bruges_res_tourdelasalle1bis.jpg"
"44.8138243, -0.5993751","{""type"": ""Point"", ""coordinates"": [-0.5993751, 44.8138243]}","33522",3,"RESIDENCE","EN_SERVICE","FERME","FERME","FERME","FERME","FERME","FERME","FERME",,"bmcompost@bordeaux-metropole.fr","131 Rue Camille Pelletan, 33400 Talence",600,"2020-06-08 17:38:18+02:00","1767","REFERENT_DE_SITE","2020-05-03T22:00:00","0",,"Résidence Parc Pelletan","2020-04-21 14:01:40+02:00","https://fichiers.bordeaux-metropole.fr/geo/composteurs/talence_res_parcpelletan.jpg"
"44.8584876, -0.5816536","{""type"": ""Point"", ""coordinates"": [-0.5816536, 44.8584876]}","33063",3,"RESIDENCE","EN_SERVICE","Non communiqué","Non communiqué","Non communiqué","Non communiqué","Non communiqué","Non communiqué","Non communiqué",,"bmcompost@bordeaux-metropole.fr","74 Cours de Luze",800,"2020-08-14 17:06:32+02:00","1954","INITIATION_AU_COMPOSTAGE","2020-06-23T22:00:00","0",,"Résidence Condorcet","2020-06-24 14:51:26+02:00","https://fichiers.bordeaux-metropole.fr/geo/composteurs/bordeaux_res_condorcet.jpg"
"44.7880937, -0.5821244","{""type"": ""Point"", ""coordinates"": [-0.5821244, 44.7880937]}","33550",3,"RESIDENCE","EN_SERVICE","Non communiqué","Non communiqué","Non communiqué","Non communiqué","Non communiqué","Non communiqué","Non communiqué",,"bmcompost@bordeaux-metropole.fr","361 Chemin de Leysotte",600,,"2044","MAITRE_COMPOSTEUR","2020-09-25T22:00:00","0",,"Residence Les Hauts de Madère","2020-09-28 13:31:05+02:00","https://fichiers.bordeaux-metropole.fr/geo/composteurs/"
"44.8057042, -0.6602874","{""type"": ""Point"", ""coordinates"": [-0.6602874, 44.8057042]}","33318",3,"ENTREPRISE","EN_SERVICE","Non communiqué","Non communiqué","Non communiqué","Non communiqué","Non communiqué","Non communiqué","Non communiqué",,"bmcompost@bordeaux-metropole.fr","Avenue Haut Leveque 33600 Pessac",400,,"1934",,"2020-06-10T22:00:00","0",,"Odontologie Xavier Arnozan","2020-06-11 16:13:19+02:00","https://fichiers.bordeaux-metropole.fr/geo/composteurs/pessac_ent_odontologiexavierarnozan"
"44.7941459, -0.6558457","{""type"": ""Point"", ""coordinates"": [-0.6558457, 44.7941459]}","33318",3,"DOMAINE_PUBLIC","EN_SERVICE","Non communiqué","Non communiqué","Non communiqué","Non communiqué","Non communiqué","Non communiqué","Non communiqué",,"bmcompost@bordeaux-metropole.fr","rue calmette et guerin, 33600 pessac",600,,"2024","REFERENT_DE_SITE","2020-08-30T22:00:00","0",,"placette guerin","2020-08-31 10:29:09+02:00","https://fichiers.bordeaux-metropole.fr/geo/composteurs/pessac_domplublic_placetteguerin.jpg"
"44.7982059, -0.6404859","{""type"": ""Point"", ""coordinates"": [-0.6404859, 44.7982059]}","33318",6,"RESIDENCE","EN_SERVICE","FERME","FERME","FERME","FERME","FERME","FERME","FERME",,"bmcompost@bordeaux-metropole.fr","Rue Camponac, 33600 Pessac",1000,"2020-06-08 17:42:18+02:00","1775","GUIDE_COMPOSTEUR","2020-05-04T22:00:00","0",,"Résidence Camponac","2020-04-21 14:01:40+02:00","https://fichiers.bordeaux-metropole.fr/geo/composteurs/pessac_res_camponnac.jpg"
"44.8302074, -0.5582178","{""type"": ""Point"", ""coordinates"": [-0.5582178, 44.8302074]}","33063",3,"RESIDENCE","EN_SERVICE","FERME","FERME","FERME","FERME","FERME","FERME","FERME",,"bmcompost@bordeaux-metropole.fr","rue Jean Descas, 33000 Bordeaux",1000,"2020-06-08 17:57:40+02:00","1848","REFERENT_DE_SITE","2020-05-28T22:00:00","0",,"Résidence Descas","2020-05-05 15:33:06+02:00","https://fichiers.bordeaux-metropole.fr/geo/composteurs/bordeaux_res_desca.jpg"
"44.8310776, -0.5663641","{""type"": ""Point"", ""coordinates"": [-0.5663641, 44.8310776]}","33063",3,"RESIDENCE","EN_SERVICE","FERME","FERME","FERME","FERME","FERME","FERME","FERME",,"bmcompost@bordeaux-metropole.fr","9 rue Marbotin, 33000 Bordeaux",800,"2020-06-08 17:58:03+02:00","1780","REFERENT_DE_SITE","2020-05-04T22:00:00","0",,"Résidence Les Capucins","2020-04-21 14:01:40+02:00","https://fichiers.bordeaux-metropole.fr/geo/composteurs/"
"44.8767347, -0.5420497","{""type"": ""Point"", ""coordinates"": [-0.5420497, 44.8767347]}","33063",6,"ASSOCIATION","EN_SERVICE","FERME","FERME","FERME","FERME","FERME","FERME","FERME",,"bmcompost@bordeaux-metropole.fr","rue Henri Collet, 33000 Bordeaux",1000,"2020-06-08 17:49:58+02:00","1906","GUIDE_COMPOSTEUR","2020-05-12T22:00:00","0",,"Régie de quartier Bacalan","2020-05-13 11:47:57+02:00","https://fichiers.bordeaux-metropole.fr/geo/composteurs/"
"44.7969683, -0.6604109","{""type"": ""Point"", ""coordinates"": [-0.6604109, 44.7969683]}","33318",3,"ENTREPRISE","EN_SERVICE","FERME","FERME","FERME","FERME","FERME","FERME","FERME",,"bmcompost@bordeaux-metropole.fr","Avenue Haut Lêveque, 33600 Pessac",600,"2020-06-08 17:41:42+02:00","1909","REFERENT_DE_SITE","2020-05-12T22:00:00","0",,"Crèche Hopital Xavier Arnozan","2020-05-13 12:06:42+02:00","https://fichiers.bordeaux-metropole.fr/geo/composteurs/pessac_ent_crechexavierharnozan.jpg"
"44.8295797, -0.5618608","{""type"": ""Point"", ""coordinates"": [-0.5618608, 44.8295797]}","33063",5,"DOMAINE_PUBLIC","EN_SERVICE","FERME","FERME","FERME","FERME","FERME","11:00-12:00","FERME",,"bmcompost@bordeaux-metropole.fr","Place André Meunier, 33000 Bordeaux",1000,"2020-06-08 17:57:48+02:00","1911","REFERENT_DE_SITE","2020-05-27T22:00:00","0",,"Place André Meunier","2020-05-13 13:45:49+02:00","https://fichiers.bordeaux-metropole.fr/geo/composteurs/bordeaux_dompublic_andremeunier.jpg"
"44.8271026, -0.5784089","{""type"": ""Point"", ""coordinates"": [-0.5784089, 44.8271026]}","33063",3,"RESIDENCE","EN_SERVICE","FERME","FERME","FERME","FERME","FERME","FERME","FERME",,"bmcompost@bordeaux-metropole.fr","1 rue borda, 33000 Bordeaux",600,"2020-06-08 17:56:14+02:00","1924","REFERENT_DE_SITE","2020-05-24T22:00:00","0",,"résidence Saint Genès","2020-05-25 11:17:26+02:00","https://fichiers.bordeaux-metropole.fr/geo/composteurs/bordeaux_res_saintgenes.jpg"
"44.8428775, -0.5600907","{""type"": ""Point"", ""coordinates"": [-0.5600907, 44.8428775]}","33063",3,"RESIDENCE","EN_SERVICE","FERME","FERME","FERME","FERME","FERME","FERME","FERME",,"bmcompost@bordeaux-metropole.fr","rue Louis Emie, 33000 Bordeaux",600,"2020-06-08 14:05:42+02:00","1844","REFERENT_DE_SITE","2020-05-04T22:00:00","0",,"Résidence l'Avant","2020-05-05 12:55:43+02:00","https://fichiers.bordeaux-metropole.fr/geo/composteurs/bx_Res_lavant.jpg"
"44.8270366, -0.5569977","{""type"": ""Point"", ""coordinates"": [-0.5569977, 44.8270366]}","33063",3,"RESIDENCE","EN_SERVICE","FERME","FERME","FERME","FERME","FERME","FERME","FERME",,"bmcompost@bordeaux-metropole.fr","21 rue Charles Domercq, 33000 Bordeaux",400,"2020-06-08 17:57:27+02:00","1858","REFERENT_DE_SITE","2020-05-18T22:00:00","0",,"Centre d'ébergement Charles Domercq","2020-05-05 18:00:13+02:00","https://fichiers.bordeaux-metropole.fr/geo/composteurs/bordeaux_res_dormerc.jpg"
"44.8427554, -0.5500158","{""type"": ""Point"", ""coordinates"": [-0.5500158, 44.8427554]}","33063",,"DOMAINE_PUBLIC","EN_SERVICE","Non communiqué","Non communiqué","18H à 19H","Non communiqué","18H à 19H","Non communiqué","Non communiqué",,"bmcompost@bordeaux-metropole.fr","Place Calixte Camelle",,"2020-07-07 14:45:06+02:00","1964","MAITRE_COMPOSTEUR","2020-07-05T22:00:00","0",,"Place Calixte Camelle","2020-07-06 14:30:25+02:00","https://fichiers.bordeaux-metropole.fr/geo/composteurs/"
"44.8360165, -0.6075523","{""type"": ""Point"", ""coordinates"": [-0.6075523, 44.8360165]}","33063",3,"RESIDENCE","EN_SERVICE","FERME","FERME","FERME","FERME","FERME","FERME","FERME",,"bmcompost@bordeaux-metropole.fr","6 rue Franz Schrader, 33000 Bordeaux",1000,"2020-06-08 17:52:46+02:00","1791","REFERENT_DE_SITE","2020-05-06T22:00:00","0",,"Résidence Les Augustins","2020-04-21 14:01:40+02:00","https://fichiers.bordeaux-metropole.fr/geo/composteurs/"
"44.7864335, -0.6062736","{""type"": ""Point"", ""coordinates"": [-0.6062736, 44.7864335]}","33192",3,"ASSOCIATION","EN_SERVICE","FERME","FERME","FERME","FERME","FERME","FERME","FERME",,"bmcompost@bordeaux-metropole.fr","21 Cours du Général De Gaulle, 33170 Gradignan",400,"2020-06-08 17:36:28+02:00","1852","REFERENT_DE_SITE","2020-05-17T22:00:00","0",,"Institut Don Bosco","2020-05-05 15:45:21+02:00","https://fichiers.bordeaux-metropole.fr/geo/composteurs/gradignan_asso_institutdonbosco.jpg"
"44.80682, -0.6038058","{""type"": ""Point"", ""coordinates"": [-0.6038058, 44.80682]}","33522",3,"RESIDENCE","EN_SERVICE","FERME","FERME","FERME","FERME","FERME","FERME","FERME",,"bmcompost@bordeaux-metropole.fr","avenue de Collegno, 33400 Talence",1000,"2020-06-08 17:39:00+02:00","1774","REFERENT_DE_SITE","2020-05-18T22:00:00","0",,"Village 1- Résidente étudiante","2020-04-21 14:01:40+02:00","https://fichiers.bordeaux-metropole.fr/geo/composteurs/talence_etabsco_village1.jpg"
"44.8263619, -0.5316327","{""type"": ""Point"", ""coordinates"": [-0.5316327, 44.8263619]}","33167",3,"RESIDENCE","EN_SERVICE","FERME","FERME","FERME","FERME","FERME","FERME","FERME",,"bmcompost@bordeaux-metropole.fr","8 Place Mayensa, 33270 Floirac",1000,"2020-06-02 16:09:37+02:00","1822","REFERENT_DE_SITE","2020-05-10T22:00:00","0",,"Résidence Nouvelles Rives","2020-04-21 14:01:40+02:00","https://fichiers.bordeaux-metropole.fr/geo/composteurs/floirac_resnouvellerive.jpg"
"44.7852204, -0.6021211","{""type"": ""Point"", ""coordinates"": [-0.6021211, 44.7852204]}","33192",3,"RESIDENCE","EN_SERVICE","FERME","FERME","FERME","FERME","FERME","FERME","FERME",,"bmcompost@bordeaux-metropole.fr","2 Allée Carthon Ferrière, 33170 Gradignan",1000,"2020-06-08 17:36:16+02:00","1814","REFERENT_DE_SITE","2020-05-17T22:00:00","0",,"Le Malbec","2020-04-21 14:01:40+02:00","https://fichiers.bordeaux-metropole.fr/geo/composteurs/gradignan_res_lemalbec.jpg"
"44.8727483, -0.5448696","{""type"": ""Point"", ""coordinates"": [-0.5448696, 44.8727483]}","33063",3,"RESIDENCE","EN_SERVICE","Non communiqué","Non communiqué","Non communiqué","Non communiqué","Non communiqué","Non communiqué","Non communiqué",,"bm-compost@bordeaux-metropole.fr","2 rue Rolland Tylipski",800,"2020-08-14 17:12:28+02:00","1984","REFERENT_DE_SITE","2020-07-22T22:00:00","0",,"Résidence Saint Patrick","2020-07-23 15:38:04+02:00","https://fichiers.bordeaux-metropole.fr/geo/composteurs/bordeaux_res_saintpatrick.jpg"
"44.8537347, -0.643767","{""type"": ""Point"", ""coordinates"": [-0.643767, 44.8537347]}","33281",3,"RESIDENCE","EN_SERVICE","FERME","FERME","FERME","FERME","FERME","FERME","FERME",,"bmcompost@bordeaux-metropole.fr","125 avenue de la Libération, 33700 Mérignac",600,"2020-06-08 17:45:37+02:00","1866","REFERENT_DE_SITE","2020-05-05T22:00:00","0",,"Résidence Jean Blanc","2020-05-06 17:02:17+02:00","https://fichiers.bordeaux-metropole.fr/geo/composteurs/merignac_res_jeanblanc.jpg"
"44.8605764, -0.6186232","{""type"": ""Point"", ""coordinates"": [-0.6186232, 44.8605764]}","33063",3,"RESIDENCE","EN_SERVICE","FERME","FERME","FERME","FERME","FERME","FERME","FERME",,"bmcompost@bordeaux-metropole.fr","80 rue des orangers, 33000 Bordeaux",600,"2020-06-08 17:54:32+02:00","1867","REFERENT_DE_SITE","2020-05-18T22:00:00","0",,"résidence Le Murier","2020-05-06 17:04:35+02:00","https://fichiers.bordeaux-metropole.fr/geo/composteurs/bordeaux_res_lemurier.jpg"
"44.8403411, -0.6079393","{""type"": ""Point"", ""coordinates"": [-0.6079393, 44.8403411]}","33063",4,"DOMAINE_PUBLIC","COMPLET","FERME","FERME","FERME","FERME","FERME","FERME","FERME","pas de permanance, code du cadenas à demander au référent","bmcompost@bordeaux-metropole.fr","Avenue Bel Air, 33000 Bordeaux",1000,"2020-08-21 11:53:46+02:00","1869","REFERENT_DE_SITE","2020-05-18T22:00:00","0",,"Parc Lussy","2020-05-06 17:09:02+02:00","https://fichiers.bordeaux-metropole.fr/geo/composteurs/bordeaux_dompublic_parclussy.jpg"
"44.8525977, -0.6099427","{""type"": ""Point"", ""coordinates"": [-0.6099427, 44.8525977]}","33063",3,"RESIDENCE","EN_SERVICE","FERME","FERME","FERME","FERME","FERME","FERME","FERME",,"bmcompost@bordeaux-metropole.fr","19 rue Jules Michelet, 33000 Bordeaux",1000,"2020-06-08 17:53:26+02:00","1871","REFERENT_DE_SITE","2020-05-18T22:00:00","0",,"Résidence Michelet","2020-05-06 17:17:38+02:00","https://fichiers.bordeaux-metropole.fr/geo/composteurs/bordeaux_res_michelet.jpg"
"44.7888303, -0.5698073","{""type"": ""Point"", ""coordinates"": [-0.5698073, 44.7888303]}","33550",4,"RESIDENCE","EN_SERVICE","FERME","FERME","FERME","FERME","FERME","FERME","FERME",,"bmcompost@bordeaux-metropole.fr","17 rue Rogert Robert, 33140 Villenave-d'Ornon",1000,"2020-06-08 14:15:46+02:00","1872","REFERENT_DE_SITE","2020-05-18T22:00:00","0",,"Résidence Saint Bris","2020-05-06 17:20:45+02:00","https://fichiers.bordeaux-metropole.fr/geo/composteurs/villenavedornon_res_saintbris.jpg"
"44.8090779, -0.5404858","{""type"": ""Point"", ""coordinates"": [-0.5404858, 44.8090779]}","33039",3,"RESIDENCE","EN_SERVICE","FERME","FERME","FERME","FERME","FERME","FERME","FERME",,"bmcompost@bordeaux-metropole.fr","35 allée Boyer, 33130 Bègles",1000,"2020-06-08 14:11:56+02:00","1880","REFERENT_DE_SITE","2020-05-05T22:00:00","0",,"Résidence Tempo","2020-05-06 17:55:00+02:00","https://fichiers.bordeaux-metropole.fr/geo/composteurs/begles_res_tempo.jpg"
"44.848728, -0.6453809","{""type"": ""Point"", ""coordinates"": [-0.6453809, 44.848728]}","33281",3,"RESIDENCE","EN_SERVICE","FERME","FERME","FERME","FERME","FERME","FERME","FERME",,"bmcompost@bordeaux-metropole.fr","Avenue Jean Cocteau, 33700 Mérignac",1000,"2020-06-08 17:44:47+02:00","1915","REFERENT_DE_SITE","2020-05-18T22:00:00","0",,"résidence Belle France","2020-05-19 12:13:27+02:00","https://fichiers.bordeaux-metropole.fr/geo/composteurs/merignac_res_bellefrance.jpg"
"44.8138257, -0.5566786","{""type"": ""Point"", ""coordinates"": [-0.5566786, 44.8138257]}","33063",3,"RESIDENCE","EN_SERVICE","Non communiqué","Non communiqué","Non communiqué","Non communiqué","Non communiqué","Non communiqué","Non communiqué",,"bmcompost@bordeaux-metropole.fr","7 bis rue Brascassat, 33800 Bordeaux",400,"2020-08-14 17:09:32+02:00","1944","INITIATION_AU_COMPOSTAGE","2020-06-21T22:00:00","0",,"Résidence Brascassat","2020-06-22 17:44:24+02:00","https://fichiers.bordeaux-metropole.fr/geo/composteurs/bordeaux_res_brascassat.jpg"
"44.8706804, -0.5214159","{""type"": ""Point"", ""coordinates"": [-0.5214159, 44.8706804]}","33249",3,"RESIDENCE","EN_SERVICE","Non communiqué","Non communiqué","Non communiqué","Non communiqué","Non communiqué","Non communiqué","Non communiqué",,"bmcompost@bordeaux-metropole.fr","avenue de la libération, 33310 Lormont",400,,"2004","INITIATION_AU_COMPOSTAGE","2020-08-12T22:00:00","0",,"Résidence Gélinor","2020-08-13 13:09:05+02:00","https://fichiers.bordeaux-metropole.fr/geo/composteurs/"
"44.8121738, -0.5753337","{""type"": ""Point"", ""coordinates"": [-0.5753337, 44.8121738]}","33522",6,"RESIDENCE","EN_SERVICE","FERME","FERME","FERME","FERME","FERME","FERME","FERME",,"bmcompost@bordeaux-metropole.fr","232 rue de Suzon, 33400 talence",1000,"2020-06-08 17:37:27+02:00","1768","REFERENT_DE_SITE","2020-05-10T22:00:00","0",,"Résidence Le Voltaire","2020-04-21 14:01:40+02:00","https://fichiers.bordeaux-metropole.fr/geo/composteurs/talence_res_levoltaire.jpg"
"44.8502073, -0.6513454","{""type"": ""Point"", ""coordinates"": [-0.6513454, 44.8502073]}","33281",3,"RESIDENCE","EN_SERVICE","FERME","FERME","FERME","FERME","FERME","FERME","FERME",,"bmcompost@bordeaux-metropole.fr","65 avenue du Truc, 33700 Merignac",800,"2020-06-08 17:45:16+02:00","1769","REFERENT_DE_SITE","2020-05-03T22:00:00","0",,"Résidence Parc de la Chénaie","2020-04-21 14:01:40+02:00","https://fichiers.bordeaux-metropole.fr/geo/composteurs/merignac_res_parcdelachenaie.jpg"
"44.8516103, -0.6131772","{""type"": ""Point"", ""coordinates"": [-0.6131772, 44.8516103]}","33063",3,"RESIDENCE","EN_SERVICE","Non communiqué","Non communiqué","Non communiqué","Non communiqué","Non communiqué","Non communiqué","Non communiqué",,"bmcompost@bodeaux-metropole.fr","106 avenue Louis Barthou",800,"2020-08-14 17:08:09+02:00","1974","REFERENT_DE_SITE","2020-07-07T22:00:00","0",,"Parc de Caudéran","2020-07-08 11:28:08+02:00","https://fichiers.bordeaux-metropole.fr/geo/composteurs/bordeaux_res_parcdecauderan.jpg"
"44.8554147, -0.5873844","{""type"": ""Point"", ""coordinates"": [-0.5873844, 44.8554147]}","33063",3,"DOMAINE_PUBLIC","EN_SERVICE","Non communiqué","Non communiqué","Non communiqué","Non communiqué","Non communiqué","Non communiqué","Non communiqué",,"bmcompost@bordeaux-metropole.f","rue Camille Godard, 33000 Bordeaux",1000,,"2014","GUIDE_COMPOSTEUR","2020-08-24T22:00:00","0",,"jardin parc et rivière","2020-08-25 17:12:20+02:00","https://fichiers.bordeaux-metropole.fr/geo/composteurs/"
"44.8623145, -0.5501705","{""type"": ""Point"", ""coordinates"": [-0.5501705, 44.8623145]}","33063",3,"DOMAINE_PUBLIC","EN_SERVICE","FERME","FERME","FERME","FERME","FERME","FERME","FERME",,"bmcompost@bordeaux-metropole.fr","152 Quai de Bacalan, 33300 Bordeaux",1000,"2020-06-03 11:07:10+02:00","1794","REFERENT_DE_SITE","2020-05-10T22:00:00","0",,"Grand Port Maritime de Bordeaux","2020-04-21 14:01:40+02:00","https://fichiers.bordeaux-metropole.fr/geo/composteurs/"
"44.8766726, -0.6226698","{""type"": ""Point"", ""coordinates"": [-0.6226698, 44.8766726]}","33162",3,"ASSOCIATION","EN_SERVICE","FERME","FERME","FERME","FERME","FERME","FERME","FERME",,"bmcompost@bordeaux-metropole.fr","3 Avenue de l'Hippodrome, 33320 Eysines",1000,"2020-06-08 17:47:03+02:00","1803","REFERENT_DE_SITE","2020-05-10T22:00:00","0",,"Gleditschias Emmaüs","2020-04-21 14:01:40+02:00","https://fichiers.bordeaux-metropole.fr/geo/composteurs/"
"44.8810353, -0.5909979","{""type"": ""Point"", ""coordinates"": [-0.5909979, 44.8810353]}","33075",3,"ETABLISSEMENT_SCOLAIRE","EN_SERVICE","FERME","FERME","FERME","FERME","FERME","FERME","FERME",,"bmcompost@bordeaux-metropole.fr","42 Avenue Jean Jaurès, 33520 Bruges",600,"2020-06-08 13:21:27+02:00","1805","REFERENT_DE_SITE","2020-05-10T22:00:00","0",,"ALSH Jacques Prévert","2020-04-21 14:01:40+02:00","https://fichiers.bordeaux-metropole.fr/geo/composteurs/"
"44.8620297, -0.5593397","{""type"": ""Point"", ""coordinates"": [-0.5593397, 44.8620297]}","33063",3,"RESIDENCE","EN_SERVICE","FERME","FERME","FERME","FERME","FERME","FERME","FERME",,"bmcompost@bordeaux-metropole.fr","85-87 Cours Edouard Vaillant, 33000 Bordeaux",1000,"2020-09-02 17:05:56+02:00","1809","REFERENT_DE_SITE","2020-09-01T22:00:00","0",,"Résidence Ellington","2020-04-21 14:01:40+02:00","https://fichiers.bordeaux-metropole.fr/geo/composteurs/bordeaux_res_ellington.jpg"
"44.8593234, -0.5071278","{""type"": ""Point"", ""coordinates"": [-0.5071278, 44.8593234]}","33119",3,"ETABLISSEMENT_SCOLAIRE","EN_SERVICE","FERME","FERME","FERME","FERME","FERME","FERME","FERME",,"bmcompost@bordeaux-metropole.fr","Avenue Pierre Loti - 33150 Cenon",1000,"2020-06-11 13:47:08+02:00","1815","REFERENT_DE_SITE","2020-05-12T22:00:00","0",,"Centre de Loisirs Triboulet","2020-04-21 14:01:40+02:00","https://fichiers.bordeaux-metropole.fr/geo/composteurs/cenon_etabsco_alshtriboulet.jpg"
"44.8361664, -0.5385182","{""type"": ""Point"", ""coordinates"": [-0.5385182, 44.8361664]}","33167",3,"ENTREPRISE","EN_SERVICE","FERME","FERME","FERME","FERME","FERME","FERME","FERME",,"bmcompost@bordeaux-metropole.fr","29 Chemin Richelieu, 33270 Floirac",1000,"2020-06-02 16:09:37+02:00","1816","REFERENT_DE_SITE","2020-05-12T22:00:00","0",,"Quartier Génial","2020-04-21 14:01:40+02:00","https://fichiers.bordeaux-metropole.fr/geo/composteurs/floirac_ent_quartiergenial.jpg"
"44.7786573, -0.7019202","{""type"": ""Point"", ""coordinates"": [-0.7019202, 44.7786573]}","33318",6,"DOMAINE_PUBLIC","EN_SERVICE","FERME","FERME","FERME","FERME","FERME","FERME","FERME",,"bmcompost@bordeaux-metropole.fr","44 Rue Albert Einstein, 33600 Pessac",1000,"2020-08-14 17:14:53+02:00","1818","GUIDE_COMPOSTEUR","2020-04-22T22:00:00","0",,"Les incroyables comestibles - villa des sources","2020-04-21 14:01:40+02:00","https://fichiers.bordeaux-metropole.fr/geo/composteurs/pessac_dompublic_villadessources.jpg"
"44.8123165, -0.5692991","{""type"": ""Point"", ""coordinates"": [-0.5692991, 44.8123165]}","33063",3,"ENTREPRISE","EN_SERVICE","FERME","FERME","FERME","FERME","FERME","FERME","FERME",,"bmcompost@bordeaux-metropole.fr","21 Rue de Ladous, 33000 Bordeaux",800,"2020-08-14 17:05:50+02:00","1820","REFERENT_DE_SITE","2020-05-10T22:00:00","0",,"C.h.r.s. Mamre","2020-04-21 14:01:40+02:00","https://fichiers.bordeaux-metropole.fr/geo/composteurs/bordeaux_ent_chrsmarme.jpg"
"44.8040893, -0.5698098","{""type"": ""Point"", ""coordinates"": [-0.5698098, 44.8040893]}","33039",3,"DOMAINE_PUBLIC","EN_SERVICE","FERME","FERME","FERME","FERME","FERME","FERME","FERME",,"bmcompost@bordeaux-metropole.fr","Rue Arago, 33130 Bègles",1000,"2020-06-08 14:12:24+02:00","1836","GUIDE_COMPOSTEUR","2020-05-03T22:00:00","0",,"Square arago","2020-05-04 14:08:42+02:00","https://fichiers.bordeaux-metropole.fr/geo/composteurs/begles_dompublic_squarearago.jpg"
"44.8715995, -0.5486386","{""type"": ""Point"", ""coordinates"": [-0.5486386, 44.8715995]}","33063",3,"ETABLISSEMENT_SCOLAIRE","EN_SERVICE","FERME","FERME","FERME","FERME","FERME","FERME","FERME",,"bmcompost@bordeaux-metropole.fr","165 rue achard, 33000 Bordeaux",400,"2020-06-08 17:50:10+02:00","1842","REFERENT_DE_SITE","2020-05-03T22:00:00","0",,"Ecole primaire Achard","2020-05-04 18:58:34+02:00","https://fichiers.bordeaux-metropole.fr/geo/composteurs/"
"44.8421637, -0.6040803","{""type"": ""Point"", ""coordinates"": [-0.6040803, 44.8421637]}","33063",3,"RESIDENCE","EN_SERVICE","FERME","FERME","FERME","FERME","FERME","FERME","FERME",,"bmcompost@bordeaux-metropole.fr","74 rue Jules Ferry, 33000 Bordeaux",600,"2020-06-08 17:53:01+02:00","1889","REFERENT_DE_SITE","2020-05-18T22:00:00","0",,"Résidence Les Jardins de Primerose","2020-05-07 13:31:49+02:00","https://fichiers.bordeaux-metropole.fr/geo/composteurs/bordeaux_res_jardinprimerose.jpg"
"44.8335405, -0.5772099","{""type"": ""Point"", ""coordinates"": [-0.5772099, 44.8335405]}","33063",3,"DOMAINE_PUBLIC","COMPLET","FERME","FERME","19:00-19:30","FERME","FERME","FERME","19:00-19:30",,"bmcompost@bordeaux-metropole.fr","Place Sainte Eulalie, 33000 Bordeaux",1000,"2020-06-08 17:55:52+02:00","1891","REFERENT_DE_SITE","2020-05-18T22:00:00","0",,"Place Sainte Eulalie","2020-05-07 13:35:55+02:00","https://fichiers.bordeaux-metropole.fr/geo/composteurs/bordeaux_dompublic_sainteulalie.jpg"
"44.8616972, -0.5987887","{""type"": ""Point"", ""coordinates"": [-0.5987887, 44.8616972]}","33069",3,"RESIDENCE","EN_SERVICE","FERME","FERME","FERME","FERME","FERME","FERME","FERME",,"bmcompost@bordeaux-metropole.fr","2 rue Raymond Poincaré, 33110 Le Bouscat",1000,"2020-06-08 17:48:01+02:00","1892","REFERENT_DE_SITE","2020-05-06T22:00:00","0",,"Résidence La Calypso","2020-05-07 13:40:14+02:00","https://fichiers.bordeaux-metropole.fr/geo/composteurs/lebouscat_res_lacalypso.jpg"
"44.8447434, -0.6117411","{""type"": ""Point"", ""coordinates"": [-0.6117411, 44.8447434]}","33063",3,"RESIDENCE","EN_SERVICE","FERME","FERME","FERME","FERME","FERME","FERME","FERME",,"bmcompost@bordeaux-metropole.fr","186 rue Pasteur, Bordeaux",1000,"2020-06-02 16:09:37+02:00","1790","REFERENT_DE_SITE","2020-05-18T22:00:00","0",,"Résidence La Garenne","2020-04-21 14:01:40+02:00","https://fichiers.bordeaux-metropole.fr/geo/composteurs/bordeaux_res_lagarenne.jpg"
"44.8624224, -0.5643267","{""type"": ""Point"", ""coordinates"": [-0.5643267, 44.8624224]}","33063",6,"RESIDENCE","EN_SERVICE","FERME","FERME","FERME","FERME","FERME","FERME","FERME",,"bmcompost@bordeaux-metropole.fr","46 rue de Leybardie, 33000 Bordeaux",1000,"2020-08-14 17:07:05+02:00","1898","REFERENT_DE_SITE","2020-05-06T22:00:00","0",,"Résidence les Chartrons","2020-05-07 17:31:03+02:00","https://fichiers.bordeaux-metropole.fr/geo/composteurs/bordeaux_res_leschartrons.jpg"
"44.804524, -0.5455988","{""type"": ""Point"", ""coordinates"": [-0.5455988, 44.804524]}","33039",6,"DOMAINE_PUBLIC","EN_SERVICE","FERME","FERME","FERME","FERME","FERME","FERME","FERME","contacter le référent pour que celui-ci vous explique la démarche à suivre","bmcompost@bordeaux-metropole.fr","rue edmond rostand, 33130 Bègles",1000,"2020-08-21 12:14:55+02:00","1795","REFERENT_DE_SITE","2020-05-06T22:00:00","0",,"Edmond Rostand","2020-04-21 14:01:40+02:00","https://fichiers.bordeaux-metropole.fr/geo/composteurs/begles_dompublic_edmondrostand.jpg"
"44.7865379, -0.6495912","{""type"": ""Point"", ""coordinates"": [-0.6495912, 44.7865379]}","33318",3,"ETABLISSEMENT_SCOLAIRE","EN_SERVICE","FERME","FERME","FERME","FERME","FERME","FERME","FERME",,"bmcompost@bordeaux-metropole.fr","7 Allée Philadelphe de Gerde, 33600 Pessac",1000,"2020-06-08 17:40:28+02:00","1808","REFERENT_DE_SITE","2020-04-22T22:00:00","0",,"EREA LEA Le Corbusier","2020-04-21 14:01:40+02:00","https://fichiers.bordeaux-metropole.fr/geo/composteurs/pessac_etabsco_lecorbusier.jpg"
"44.8459808, -0.6597715","{""type"": ""Point"", ""coordinates"": [-0.6597715, 44.8459808]}","33281",3,"RESIDENCE","EN_SERVICE","Non communiqué","Non communiqué","Non communiqué","Non communiqué","Non communiqué","Non communiqué","Non communiqué",,"bmcompost@bordeaux-metropole.fr","rue Jean Giraudoux, Mérignac",600,,"2035","REFERENT_DE_SITE","2020-09-17T22:00:00","0",,"Résidence le lac ABC","2020-09-18 10:24:55+02:00","https://fichiers.bordeaux-metropole.fr/geo/composteurs/merignac_res_lelacabc.jpg"
"44.8419489, -0.5934305","{""type"": ""Point"", ""coordinates"": [-0.5934305, 44.8419489]}","33063",6,"DOMAINE_PUBLIC","EN_SERVICE","Non communiqué","Non communiqué","Non communiqué","Non communiqué","Non communiqué","Non communiqué","Non communiqué","renseignements disponibles sur les composteurs","bmcompost@bordeaux-metropole.fr","rue Georges Mandel, Bordeaux",1000,,"2054","REFERENT_DE_SITE","2020-09-29T22:00:00","0",,"square Georges Mandel","2020-09-30 14:45:29+02:00","https://fichiers.bordeaux-metropole.fr/geo/composteurs/"
"44.8201097, -0.5852641","{""type"": ""Point"", ""coordinates"": [-0.5852641, 44.8201097]}","33522",3,"DOMAINE_PUBLIC","EN_SERVICE","Non communiqué","Non communiqué","Non communiqué","Non communiqué","Non communiqué","Non communiqué","Non communiqué","cadenas à codes, envoyer mail (disponible sur le site de compostage) pour connaitre celui-ci","bmcompost@bordeaux-metropole.fr","rue Jean Iriquin, Talence",600,,"2034","REFERENT_DE_SITE","2020-09-16T22:00:00","0",,"square Felhmann","2020-09-17 13:50:19+02:00","https://fichiers.bordeaux-metropole.fr/geo/composteurs/talence_dompublic_squarefelhmann.jpg"
"44.8083515, -0.5728904","{""type"": ""Point"", ""coordinates"": [-0.5728904, 44.8083515]}","33039",4,"RESIDENCE","EN_SERVICE","FERME","FERME","FERME","FERME","FERME","FERME","FERME",,"bmcompost@bordeaux-metropole.fr","90 rue Pierre Renaudel, 33130 Bègles",600,"2020-06-08 14:12:52+02:00","1849","REFERENT_DE_SITE","2020-05-04T22:00:00","0",,"Résidence Moulin d'Arts","2020-05-05 15:36:34+02:00","https://fichiers.bordeaux-metropole.fr/geo/composteurs/begles_res_moulindarts.jpg"
"44.8705435, -0.5233499","{""type"": ""Point"", ""coordinates"": [-0.5233499, 44.8705435]}","33249",6,"RESIDENCE","EN_SERVICE","FERME","FERME","FERME","FERME","FERME","FERME","FERME",,"bmcompost@bordeaux-metropole.fr","Quartier Alpilles-Vincennes, 33310 Lormont",1000,"2020-06-08 14:02:16+02:00","1770","GUIDE_COMPOSTEUR","2020-05-12T22:00:00","0",,"Quartier Alpilles-Vincennes","2020-04-21 14:01:40+02:00","https://fichiers.bordeaux-metropole.fr/geo/composteurs/"
"44.8062135, -0.5763321","{""type"": ""Point"", ""coordinates"": [-0.5763321, 44.8062135]}","33522",3,"RESIDENCE","EN_SERVICE","FERME","FERME","FERME","FERME","FERME","FERME","FERME",,"bmcompost@bordeaux-metropole.fr","72 rue bontemps, 33400 Talence",600,"2020-06-08 17:37:54+02:00","1839","REFERENT_DE_SITE","2020-05-03T22:00:00","0",,"Résidence Charcot","2020-05-04 16:44:07+02:00","https://fichiers.bordeaux-metropole.fr/geo/composteurs/talence_res_charcot.jpg"
"44.8244225, -0.6138732","{""type"": ""Point"", ""coordinates"": [-0.6138732, 44.8244225]}","33063",3,"RESIDENCE","EN_SERVICE","FERME","FERME","FERME","FERME","FERME","FERME","FERME",,"bmcompost@bordeaux-metropole.fr","1 rue de Tours, 33000 Bordeaux",600,"2020-06-08 17:55:11+02:00","1825","REFERENT_DE_SITE","2020-04-22T22:00:00","0",,"Résidence Parc Borie","2020-04-23 16:59:02+02:00","https://fichiers.bordeaux-metropole.fr/geo/composteurs/bx_res_parcborie.jpg"
"44.85513, -0.5323836","{""type"": ""Point"", ""coordinates"": [-0.5323836, 44.85513]}","33119",3,"ETABLISSEMENT_SCOLAIRE","EN_SERVICE","FERME","FERME","FERME","FERME","FERME","FERME","FERME",,"bmcompost@bordeaux-metropole.fr","1 rue arago, 33150 Cenon",400,"2020-06-11 13:47:25+02:00","1845","REFERENT_DE_SITE","2020-05-17T22:00:00","0",,"Ecole primaire Camille Maumet","2020-05-05 12:58:25+02:00","https://fichiers.bordeaux-metropole.fr/geo/composteurs/cenon_etabsco_camillemaumet.jpg"
"44.8266763, -0.5973359","{""type"": ""Point"", ""coordinates"": [-0.5973359, 44.8266763]}","33063",4,"DOMAINE_PUBLIC","EN_SERVICE","FERME","FERME","FERME","FERME","FERME","FERME","FERME","pas de permanance, code du cadenas à demander au référent","bmcompost@bordeaux-metropole.fr","rue de la Béchade, 33000 Bordeaux",1000,"2020-08-21 11:52:13+02:00","1847","REFERENT_DE_SITE","2020-05-28T22:00:00","0",,"Jardin de la Béchade","2020-05-05 14:16:42+02:00","https://fichiers.bordeaux-metropole.fr/geo/composteurs/bordeaux_dompublic_jardindelabechade.jpg"
"44.8856953, -0.6132211","{""type"": ""Point"", ""coordinates"": [-0.6132211, 44.8856953]}","33075",6,"RESIDENCE","EN_SERVICE","FERME","FERME","FERME","FERME","FERME","FERME","FERME",,"bmcompost@bordeaux-metropole.fr","1 rue Maurice Ravel, 33520 Bruges",1000,"2020-06-08 11:55:52+02:00","1851","REFERENT_DE_SITE","2020-05-17T22:00:00","0",,"Résidence tour de la salle 1","2020-05-05 15:41:30+02:00","https://fichiers.bordeaux-metropole.fr/geo/composteurs/bruges_res_tourdelasalle1.jpg"
"44.8772697, -0.6155176","{""type"": ""Point"", ""coordinates"": [-0.6155176, 44.8772697]}","33075",4,"RESIDENCE","EN_SERVICE","FERME","FERME","FERME","FERME","FERME","FERME","FERME",,"bmcompost@bordeaux-metropole.fr","rue du Docteur Roger Romefort, 33520 Bruges",800,"2020-06-08 13:20:52+02:00","1853","REFERENT_DE_SITE","2020-05-17T22:00:00","0",,"Résidence Pascal Triat","2020-05-05 15:55:03+02:00","https://fichiers.bordeaux-metropole.fr/geo/composteurs/bruges_res_pascaltriat.jpg"
"44.8407956, -0.7694271","{""type"": ""Point"", ""coordinates"": [-0.7694271, 44.8407956]}","33273",3,"JARDINS_PARTAGES","EN_SERVICE","FERME","FERME","FERME","FERME","FERME","FERME","FERME",,"bmcompost@bordeaux-metropole.fr","rue Elise Déroche, 33127 Martignas-sur-jalle",600,"2020-06-08 11:47:19+02:00","1855","REFERENT_DE_SITE","2020-05-04T22:00:00","0",,"Jardin Elise Déroche","2020-05-05 17:22:57+02:00","https://fichiers.bordeaux-metropole.fr/geo/composteurs/martignas_jardinpart_elisederoche.jpg"
"44.8380445, -0.5337547","{""type"": ""Point"", ""coordinates"": [-0.5337547, 44.8380445]}","33167",3,"ETABLISSEMENT_SCOLAIRE","EN_SERVICE","FERME","FERME","FERME","FERME","FERME","FERME","FERME",,"bmcompost@bordeaux-metropole.fr","22 Avenue de la Libération, 33270 Floirac",600,"2020-06-08 14:09:22+02:00","1859","REFERENT_DE_SITE","2020-05-04T22:00:00","0",,"Collège Nelson Mandela","2020-05-05 18:02:19+02:00","https://fichiers.bordeaux-metropole.fr/geo/composteurs/floirac_etabsco_nelsonmandela.jpg"
"44.8271578, -0.611152","{""type"": ""Point"", ""coordinates"": [-0.611152, 44.8271578]}","33063",3,"ASSOCIATION","EN_SERVICE","FERME","FERME","FERME","FERME","FERME","FERME","FERME",,"bmcompost@bordeaux-metropole.fr","rue Catherine et William booth, 33000 Bordeaux",600,"2020-06-08 17:55:20+02:00","1861","REFERENT_DE_SITE","2020-05-04T22:00:00","0",,"Maison Ronald Mc Donald","2020-05-05 18:09:15+02:00","https://fichiers.bordeaux-metropole.fr/geo/composteurs/bordeaux_asso_ronaldmcdonald.jpg"
"44.858991, -0.5672316","{""type"": ""Point"", ""coordinates"": [-0.5672316, 44.858991]}","33063",4,"RESIDENCE","EN_SERVICE","FERME","FERME","FERME","FERME","FERME","FERME","FERME",,"bmcompost@bordeaux-metropole.fr","61-63 cours du Médoc, 33000 Bordeaux",800,"2020-06-08 17:50:39+02:00","1776","REFERENT_DE_SITE","2020-05-10T22:00:00","0",,"Résidence St Martial","2020-04-21 14:01:40+02:00","https://fichiers.bordeaux-metropole.fr/geo/composteurs/bordeaux_res_saintmartial.jpg"
"44.7854905, -0.6634251","{""type"": ""Point"", ""coordinates"": [-0.6634251, 44.7854905]}","33318",3,"ENTREPRISE","EN_SERVICE","FERME","FERME","FERME","FERME","FERME","FERME","FERME",,"bmcompost@bordeaux-metropole.fr","Avenue Magellan, 33600 Pessac",600,"2020-06-08 17:40:15+02:00","1908","REFERENT_DE_SITE","2020-05-12T22:00:00","0",,"Crèche hopital Haut Lêveque","2020-05-13 12:04:05+02:00","https://fichiers.bordeaux-metropole.fr/geo/composteurs/pessac_ent_crechehautleveque.jpg"
"44.8669048, -0.5375051","{""type"": ""Point"", ""coordinates"": [-0.5375051, 44.8669048]}","33063",3,"RESIDENCE","EN_SERVICE","FERME","FERME","FERME","FERME","FERME","FERME","FERME",,"bmcompost@bordeaux-metropole.fr","199 ter quai de Brazza, 33000 Bordeaux",400,"2020-06-08 14:02:32+02:00","1910","REFERENT_DE_SITE","2020-05-18T22:00:00","0",,"Résidence Martin Videau","2020-05-13 12:33:43+02:00","https://fichiers.bordeaux-metropole.fr/geo/composteurs/bordeaux_res_martinvideau.jpg"
"44.8488542, -0.6181861","{""type"": ""Point"", ""coordinates"": [-0.6181861, 44.8488542]}","33063",3,"RESIDENCE","EN_SERVICE","FERME","FERME","FERME","FERME","FERME","FERME","FERME",,"bmcompost@bordeaux-metropole.fr","85 rue de Lacanau, 33000 Bordeaux",600,"2020-06-08 17:53:47+02:00","1860","REFERENT_DE_SITE","2020-05-18T22:00:00","0",,"Résidence les Tridons","2020-05-05 18:05:46+02:00","https://fichiers.bordeaux-metropole.fr/geo/composteurs/bordeaux_res_tridons.jpg"
"44.7846368, -0.5993725","{""type"": ""Point"", ""coordinates"": [-0.5993725, 44.7846368]}","33192",3,"DOMAINE_PUBLIC","EN_SERVICE","FERME","FERME","FERME","FERME","FERME","FERME","FERME","composteur ouvert 24h/24h. seul les bacs de brun et de maturation sont cadenassés","bmcompost@bordeaux-metropole.fr","rue des cépages, 33170 Gradignan",600,"2020-08-25 13:52:39+02:00","1888","REFERENT_DE_SITE","2020-05-17T22:00:00","0",,"Placette des Cépages","2020-05-07 13:28:09+02:00","https://fichiers.bordeaux-metropole.fr/geo/composteurs/gradignan_dompublic_placettedescepaages.jpg"
"44.8777694, -0.5309752","{""type"": ""Point"", ""coordinates"": [-0.5309752, 44.8777694]}","33249",3,"ASSOCIATION","EN_SERVICE","FERME","FERME","FERME","FERME","FERME","FERME","FERME",,"bmcompost@bordeaux-metropole.fr","52 Rue du Général de Gaulle, 33310 Lormont",1000,"2020-08-14 17:02:00+02:00","1801","REFERENT_DE_SITE","2020-05-10T22:00:00","0",,"Association LVVL","2020-04-21 14:01:40+02:00","https://fichiers.bordeaux-metropole.fr/geo/composteurs/lormont_asso_lvvl.jpg"
"44.8116178, -0.5762173","{""type"": ""Point"", ""coordinates"": [-0.5762173, 44.8116178]}","33522",6,"RESIDENCE","EN_SERVICE","FERME","FERME","FERME","FERME","FERME","FERME","FERME",,"bmcompost@bordeaux-metropole.fr","232 rue de Suzon, 33400 Talence",1000,"2020-06-08 17:37:39+02:00","1837","GUIDE_COMPOSTEUR","2020-05-03T22:00:00","0",,"Résidence Le Voltaire","2020-05-04 16:31:58+02:00","https://fichiers.bordeaux-metropole.fr/geo/composteurs/talence_res_levoltaire.jpg"
"44.8497099, -0.597178","{""type"": ""Point"", ""coordinates"": [-0.597178, 44.8497099]}","33063",3,"RESIDENCE","EN_SERVICE","Non communiqué","Non communiqué","Non communiqué","Non communiqué","Non communiqué","Non communiqué","Non communiqué",,"bm-compost@bordeaux-metropole.com","45 rue Marcelin Jourdan",400,"2020-08-14 17:07:40+02:00","1985","REFERENT_DE_SITE","2020-07-23T22:00:00","0",,"résidence Marcelin Jourdan","2020-07-24 10:20:34+02:00","https://fichiers.bordeaux-metropole.fr/geo/composteurs/bordeaux_res_marcelinjourdan.jpg"
"44.8407882, -0.5903368","{""type"": ""Point"", ""coordinates"": [-0.5903368, 44.8407882]}","33063",3,"DOMAINE_PUBLIC","EN_SERVICE","Non communiqué","Non communiqué","Non communiqué","Non communiqué","Non communiqué","Non communiqué","Non communiqué","site ouvert uniquement sur inscription","bmcompost@bordeaux-metropole.fr","Place Tartas",1000,"2020-08-28 16:15:08+02:00","1994","GUIDE_COMPOSTEUR","2020-08-06T22:00:00","0",,"Place Tartas","2020-08-07 13:48:19+02:00","https://fichiers.bordeaux-metropole.fr/geo/composteurs/bordeaux_dompublic_placetartas.jpg"
"44.8317469, -0.5650135","{""type"": ""Point"", ""coordinates"": [-0.5650135, 44.8317469]}","33063",3,"DOMAINE_PUBLIC","EN_SERVICE","Non communiqué","Non communiqué","Non communiqué","Non communiqué","Non communiqué","Non communiqué","Non communiqué","pas de permanance, code du cadenas à demander au référent","bmcompost@bordeaux-metropole.fr","Place du Seminaire",1000,"2020-08-21 12:08:21+02:00","1995","GUIDE_COMPOSTEUR","2020-08-06T22:00:00","0",,"Place du Seminaire","2020-08-07 13:52:59+02:00","https://fichiers.bordeaux-metropole.fr/geo/composteurs/bordeaux_dompublic_placeduseminaire.jpg"
"44.8582225, -0.4994749","{""type"": ""Point"", ""coordinates"": [-0.4994749, 44.8582225]}","33013",3,"DOMAINE_PUBLIC","EN_SERVICE","FERME","FERME","FERME","FERME","FERME","FERME","FERME",,"bmcompost@bordeaux-metropole.fr","allée betailhe, 33370 Artigues-Près-Bordeaux",600,"2020-06-08 14:03:42+02:00","1862","REFERENT_DE_SITE","2020-05-05T22:00:00","0",,"Jardin d'emerveille","2020-05-06 16:46:02+02:00","https://fichiers.bordeaux-metropole.fr/geo/composteurs/artigues_dompublic_jardindermerveille.jpg"
"44.8198044, -0.6293347","{""type"": ""Point"", ""coordinates"": [-0.6293347, 44.8198044]}","33281",3,"DOMAINE_PUBLIC","EN_SERVICE","FERME","FERME","FERME","FERME","FERME","FERME","FERME","site en libre service (pas de cadenas)","bmcompost@bordeaux-metropole.fr","17 avenue du Maréchal Joffre, 33700 Mérignac",800,"2020-08-21 11:53:05+02:00","1864","REFERENT_DE_SITE","2020-05-05T22:00:00","0",,"Chateau Luchey Halde","2020-05-06 16:52:42+02:00","https://fichiers.bordeaux-metropole.fr/geo/composteurs/merignac_dompublic_lucheyhalde.jpg"
"44.8214828, -0.5516952","{""type"": ""Point"", ""coordinates"": [-0.5516952, 44.8214828]}","33063",6,"DOMAINE_PUBLIC","EN_SERVICE","FERME","FERME","FERME","FERME","FERME","FERME","FERME",,"bmcompost@bordeaux-metropole.fr","rue d'Amagnac, 33000 Bordeaux",1000,"2020-06-08 17:57:12+02:00","1865","REFERENT_DE_SITE","2020-05-05T22:00:00","0",,"Parc de la Porcelaine","2020-05-06 16:59:52+02:00","https://fichiers.bordeaux-metropole.fr/geo/composteurs/bordeaux_dompublic_jardindelaporcelaine.jpg"
"44.7640493, -0.5807881","{""type"": ""Point"", ""coordinates"": [-0.5807881, 44.7640493]}","33550",3,"RESIDENCE","EN_SERVICE","FERME","FERME","FERME","FERME","FERME","FERME","FERME",,"bmcompost@bordeaux-metropole.fr","10 bis rue Montesquieu, 33140 Villenanve-d'Ornon",800,"2020-06-08 14:16:40+02:00","1873","REFERENT_DE_SITE","2020-05-18T22:00:00","0",,"Résidence Les terrasses de Chambery","2020-05-06 17:23:36+02:00","https://fichiers.bordeaux-metropole.fr/geo/composteurs/villenavedornon_res_terrassedechambery.jpg"
"44.7975604, -0.6697257","{""type"": ""Point"", ""coordinates"": [-0.6697257, 44.7975604]}","33318",3,"RESIDENCE","EN_SERVICE","FERME","FERME","FERME","FERME","FERME","FERME","FERME",,"bmcompost@bordeaux-metropole.fr","21 rue Pierre Cazalet, 336OO Pessac",600,"2020-06-08 17:41:29+02:00","1874","REFERENT_DE_SITE","2020-05-05T22:00:00","0",,"Résidence etoile cazalet","2020-05-06 17:37:52+02:00","https://fichiers.bordeaux-metropole.fr/geo/composteurs/pessac_res_etoilecazalet.jpg"
"44.793785, -0.6493623","{""type"": ""Point"", ""coordinates"": [-0.6493623, 44.793785]}","33318",3,"ETABLISSEMENT_SCOLAIRE","EN_SERVICE","FERME","FERME","FERME","FERME","FERME","FERME","FERME",,"bmcompost@bordeaux-metropole.fr","21 Avenue de la chataigneraie, 33600 Pessac",400,"2020-09-18 10:30:59+02:00","1878","REFERENT_DE_SITE","2020-09-17T22:00:00","0",,"Ecole élémentaire Georges Leygues","2020-05-06 17:48:39+02:00","https://fichiers.bordeaux-metropole.fr/geo/composteurs/pessac_etabsco_georgesleygue.jpg"
"44.8433365, -0.5886622","{""type"": ""Point"", ""coordinates"": [-0.5886622, 44.8433365]}","33063",3,"ETABLISSEMENT_SCOLAIRE","EN_SERVICE","FERME","FERME","FERME","FERME","FERME","FERME","FERME",,"bmcompost@bordeaux-metropole.fr","4 rue Marc Sangnier, 33000 Bordeaux",400,"2020-06-08 17:52:25+02:00","1879","REFERENT_DE_SITE","2020-05-18T22:00:00","0",,"Ecole Maternelle de la Paix","2020-05-06 17:53:11+02:00","https://fichiers.bordeaux-metropole.fr/geo/composteurs/"
"44.9205939, -0.616414","{""type"": ""Point"", ""coordinates"": [-0.616414, 44.9205939]}","33056",3,"ENTREPRISE","EN_SERVICE","FERME","FERME","FERME","FERME","FERME","FERME","FERME",,"bmcompost@bordeaux-metropole.fr","58 rue Jean Duvert, 33290 Blanquefort",600,"2020-06-08 11:45:37+02:00","1912","REFERENT_DE_SITE","2020-05-17T22:00:00","0",,"compagnie fiduciaire","2020-05-14 16:50:32+02:00","https://fichiers.bordeaux-metropole.fr/geo/composteurs/blanquefort_ent_compagniefiduciaire.jpg"
"44.8472148, -0.5773611","{""type"": ""Point"", ""coordinates"": [-0.5773611, 44.8472148]}","33063",3,"DOMAINE_PUBLIC","EN_SERVICE","FERME","FERME","FERME","FERME","FERME","FERME","FERME",,"bmcompost@bordeaux-metropole.fr","Cours de Verdun, 33000 Bordeaux",600,"2020-06-08 17:52:09+02:00","1916","GUIDE_COMPOSTEUR","2020-05-18T22:00:00","0",,"jardin public","2020-05-19 14:32:35+02:00","https://fichiers.bordeaux-metropole.fr/geo/composteurs/bordeaux_dompublic_jardinpublique.jpg"
"44.852315, -0.6467337","{""type"": ""Point"", ""coordinates"": [-0.6467337, 44.852315]}","33281",3,"RESIDENCE","EN_SERVICE","Non communiqué","Non communiqué","Non communiqué","Non communiqué","Non communiqué","Non communiqué","Non communiqué",,"bmcompost@bordeaux-metropole.fr","2 bis avenue du château d'eau, 33700 Merignac",600,"2020-08-14 17:13:46+02:00","1945","INITIATION_AU_COMPOSTAGE","2020-06-21T22:00:00","0",,"Clos des Floralies","2020-06-22 17:55:09+02:00","https://fichiers.bordeaux-metropole.fr/geo/composteurs/merignac_res_closdesfloralies.jpg"
"44.863607, -0.5645223","{""type"": ""Point"", ""coordinates"": [-0.5645223, 44.863607]}","33063",3,"RESIDENCE","EN_SERVICE","FERME","FERME","FERME","FERME","FERME","FERME","FERME",,"bmcompost@bordeaux-metropole.fr","allée Jean Benais et Francis Delobelle, 33000 Bordeaux",600,"2020-06-08 17:50:59+02:00","1764","REFERENT_DE_SITE","2020-05-18T22:00:00","0",,"Résidence Chantecrit","2020-04-21 14:01:40+02:00","https://fichiers.bordeaux-metropole.fr/geo/composteurs/bordeaux_res_chantecrit.jpg"
"44.8376621, -0.5861485","{""type"": ""Point"", ""coordinates"": [-0.5861485, 44.8376621]}","33063",3,"RESIDENCE","EN_SERVICE","FERME","FERME","FERME","FERME","FERME","FERME","FERME",,"bmcompost@bordeaux-metropole.fr","9 esplanade Charles de Gaulle, 33000 Bordeaux",600,"2020-06-08 17:52:35+02:00","1765","REFERENT_DE_SITE","2020-05-03T22:00:00","0",,"Résidence Le Cardinal","2020-04-21 14:01:40+02:00","https://fichiers.bordeaux-metropole.fr/geo/composteurs/"
"44.8175985, -0.5738372","{""type"": ""Point"", ""coordinates"": [-0.5738372, 44.8175985]}","33063",5,"DOMAINE_PUBLIC","COMPLET","FERME","FERME","FERME","FERME","FERME","FERME","FERME",,"bmcompost@bordeaux-metropole.fr","rue Jean Mermoz, 33000 Bordeaux",1000,"2020-06-08 17:56:48+02:00","1772","GUIDE_COMPOSTEUR","2020-05-03T22:00:00","0",,"Jardin ""La Croix Sud""","2020-04-21 14:01:40+02:00","https://fichiers.bordeaux-metropole.fr/geo/composteurs/"
"44.8526067, -0.6260465","{""type"": ""Point"", ""coordinates"": [-0.6260465, 44.8526067]}","33063",3,"RESIDENCE","EN_SERVICE","FERME","FERME","FERME","FERME","FERME","FERME","FERME",,"bmcompost@bordeaux-metropole.fr","54 rue Poujeau, 33000 Bordeaux",800,"2020-06-08 17:53:59+02:00","1885","REFERENT_DE_SITE","2020-05-18T22:00:00","0",,"Résidence Poujeau","2020-05-07 13:20:42+02:00","https://fichiers.bordeaux-metropole.fr/geo/composteurs/bordeaux_res_poujeau.jpg"
"44.8093263, -0.6316496","{""type"": ""Point"", ""coordinates"": [-0.6316496, 44.8093263]}","33318",3,"RESIDENCE","EN_SERVICE","FERME","FERME","FERME","FERME","FERME","FERME","FERME",,"bmcompost@bordeaux-metropole.fr","105 Avenue du Docteur Nancel Pénard, 33600 Pessac",1000,"2020-06-08 17:42:43+02:00","1890","REFERENT_DE_SITE","2020-05-06T22:00:00","0",,"Résidence Anthéor","2020-05-07 13:33:51+02:00","https://fichiers.bordeaux-metropole.fr/geo/composteurs/pessac_res_antheor.jpg"
"44.8093794, -0.5885566","{""type"": ""Point"", ""coordinates"": [-0.5885566, 44.8093794]}","33522",5,"DOMAINE_PUBLIC","COMPLET","FERME","FERME","FERME","FERME","FERME","FERME","FERME","pas de permanance, code du cadenas à demander au référent","bmcompost@bordeaux-metropole.fr","Parc du Chateau Peixotto, 33400 Talence",1000,"2020-08-21 11:52:22+02:00","1893","REFERENT_DE_SITE","2020-05-18T22:00:00","0",,"Parc du Chateau Peixotto","2020-05-07 13:42:50+02:00","https://fichiers.bordeaux-metropole.fr/geo/composteurs/talence_dompublic_parcpeixotto.jpg"
"44.823058, -0.5775469","{""type"": ""Point"", ""coordinates"": [-0.5775469, 44.823058]}","33063",3,"DOMAINE_PUBLIC","EN_SERVICE","FERME","FERME","FERME","FERME","FERME","FERME","FERME",,"bmcompost@bordeaux-metropole.fr","Place Simiot, 33000 Bordeaux",1000,"2020-06-08 17:56:30+02:00","1894","REFERENT_DE_SITE","2020-05-18T22:00:00","0",,"Place Simiot","2020-05-07 17:02:39+02:00","https://fichiers.bordeaux-metropole.fr/geo/composteurs/bordeaux_dompublic_simiot.jpg"
"44.8247705, -0.574081","{""type"": ""Point"", ""coordinates"": [-0.574081, 44.8247705]}","33063",3,"RESIDENCE","EN_SERVICE","FERME","FERME","FERME","FERME","FERME","FERME","FERME",,"bmcompost@bordeaux-metropole.fr","155 Cours de la Somme, 33000 Bordeaux",1000,"2020-08-20 12:11:04+02:00","1897","REFERENT_DE_SITE","2020-05-06T22:00:00","0",,"Résidence les Villas","2020-05-07 17:13:05+02:00","https://fichiers.bordeaux-metropole.fr/geo/composteurs/bordeaux_res_lesvillas.jpg"
"44.8603548, -0.5805962","{""type"": ""Point"", ""coordinates"": [-0.5805962, 44.8603548]}","33063",5,"ASSOCIATION","EN_SERVICE","FERME","FERME","FERME","FERME","FERME","FERME","FERME",,"bmcompost@bordeaux-metropole.fr","Place de l'Europe, 33000 Bordeaux",1000,"2020-06-08 17:51:52+02:00","1797","REFERENT_DE_SITE","2020-05-06T22:00:00","0",,"Centre Social et Culturel Grand Parc GP IntenCité","2020-04-21 14:01:40+02:00","https://fichiers.bordeaux-metropole.fr/geo/composteurs/"
"44.8770025, -0.5858855","{""type"": ""Point"", ""coordinates"": [-0.5858855, 44.8770025]}","33075",3,"RESIDENCE","EN_SERVICE","FERME","FERME","FERME","FERME","FERME","FERME","FERME",,"bmcompost@bordeaux-metropole.fr","42 Rue Fragonard, 33520 Bruges",600,"2020-06-08 13:21:45+02:00","1798","REFERENT_DE_SITE","2020-05-17T22:00:00","0",,"Residence Les Villas du Lac 3","2020-04-21 14:01:40+02:00","https://fichiers.bordeaux-metropole.fr/geo/composteurs/bruges_res_villadulac3.jpg"
"44.8528564, -0.6540482","{""type"": ""Point"", ""coordinates"": [-0.6540482, 44.8528564]}","33281",3,"RESIDENCE","EN_SERVICE","Non communiqué","Non communiqué","Non communiqué","Non communiqué","Non communiqué","Non communiqué","Non communiqué",,"bmcompost@bordeaux-metropole.fr","76 Avenue du Château d'eau",600,"2020-08-14 17:14:26+02:00","1955","INITIATION_AU_COMPOSTAGE","2020-06-23T22:00:00","0",,"Residence Villa Montesquieu","2020-06-24 14:54:28+02:00","https://fichiers.bordeaux-metropole.fr/geo/composteurs/merignac_res_villamontesquieu.jpg"
"44.8302485, -0.5813354","{""type"": ""Point"", ""coordinates"": [-0.5813354, 44.8302485]}","33063",4,"DOMAINE_PUBLIC","COMPLET","FERME","FERME","FERME","19h à 20h","FERME","FERME","FERME",,"bmcompost@bordeaux-metropole.fr","Place Amédée Larrieu, 33000 Bordeaux",1000,"2020-08-14 17:03:46+02:00","1895","REFERENT_DE_SITE","2020-05-06T22:00:00","0",,"Place Amédée Larrieu","2020-05-07 17:04:35+02:00","https://fichiers.bordeaux-metropole.fr/geo/composteurs/bordeaux_dompublic_placeamedeelarieu.jpg"
"44.8465348, -0.5616207","{""type"": ""Point"", ""coordinates"": [-0.5616207, 44.8465348]}","33063",3,"RESIDENCE","EN_SERVICE","FERME","FERME","FERME","FERME","FERME","FERME","FERME",,"bmcompost@bordeaux-metropole.fr","53-67 rue Raymond Lavigne, 33000 Bordeaux",1000,"2020-06-08 14:05:07+02:00","1778","REFERENT_DE_SITE","2020-05-04T22:00:00","0",,"Résidence Botanica","2020-04-21 14:01:40+02:00","https://fichiers.bordeaux-metropole.fr/geo/composteurs/"
"44.8496518, -0.6142459","{""type"": ""Point"", ""coordinates"": [-0.6142459, 44.8496518]}","33063",3,"RESIDENCE","EN_SERVICE","FERME","FERME","FERME","FERME","FERME","FERME","FERME",,"bmcompost@bordeaux-metropole.fr","2 rue Gambetta, 33000 Bordeaux",1000,"2020-06-08 17:53:40+02:00","1788","REFERENT_DE_SITE","2020-05-18T22:00:00","0",,"Résidence Roseraie","2020-04-21 14:01:40+02:00","https://fichiers.bordeaux-metropole.fr/geo/composteurs/bordeaux_res_laroseraie.jpg"
"44.8593495, -0.6649236","{""type"": ""Point"", ""coordinates"": [-0.6649236, 44.8593495]}","33162",3,"ENTREPRISE","COMPLET","FERME","FERME","FERME","FERME","FERME","FERME","FERME",,"bmcompost@bordeaux-metropole.fr","allée Marysz Hilsz, 33320 Eysines",800,"2020-08-18 16:49:46+02:00","1886","REFERENT_DE_SITE","2020-05-06T22:00:00","0",,"Climb up","2020-05-07 13:24:16+02:00","https://fichiers.bordeaux-metropole.fr/geo/composteurs/eysines_ent_rocaltitude.jpg"
"44.8132711, -0.5675267","{""type"": ""Point"", ""coordinates"": [-0.5675267, 44.8132711]}","33063",6,"RESIDENCE","EN_SERVICE","FERME","FERME","FERME","FERME","FERME","FERME","FERME",,"bmcompost@bordeaux-metropole.fr","99 Blvd Albert 1er, 33000 Bordeaux",800,"2020-06-08 17:57:04+02:00","1799","REFERENT_DE_SITE","2020-05-10T22:00:00","0",,"Résidence Liotard","2020-04-21 14:01:40+02:00","https://fichiers.bordeaux-metropole.fr/geo/composteurs/"
