NOM,ADRESSE,CP,VILLE,TELEPHONE,SITE_INTERNET,,result_label,result_score,result_type,result_id,result_housenumber,result_name,result_street,result_postcode,result_city,result_context,result_citycode,result_oldcitycode,result_oldcity,result_district,description,name,osm_id,osm_type,country,osm_key,housenumber,city,street,osm_value,postcode,state
ALFA3A / AGCR,129 RUE DU TIOCAN,"01630",SAINT GENIS POUILLY,04 50 28 20 50,https://agcr.alfa3a.org/,,129 Rue du Tiocan 01630 Saint-Genis-Pouilly,"0.46",housenumber,01354_0224_00129,"129",Rue du Tiocan,,"01630",Saint-Genis-Pouilly,"01, Ain, Auvergne-Rh�ne-Alpes","01354",,,,,,,,,,,,,,,
PAYS DE GEX AGGLO,"135 RUE DE GENEVE
","01170",GEX,04 50 99 12 01 (puis taper 5),https://www.cc-pays-de-gex.fr/,,135 Rue de Geneve 01170 Gex,"0.28",housenumber,01173_0360_00135,"135",Rue de Geneve,,"01170",Gex,"01, Ain, Auvergne-Rh�ne-Alpes","01173",,,,,,,,,,,,,,,
GROUPE SOLID'AIRE / RECYCL'AIRE,9 RUE DES GROTTES,"01100",ARBENT,04 74 77 61 87,http://groupesolidaire.org,,9 Rue des Grottes 01100 Arbent,"0.3",housenumber,01014_0064_00009,"9",Rue des Grottes,,"01100",Arbent,"01, Ain, Auvergne-Rh�ne-Alpes","01014",,,,,,,,,,,,,,,
RECYCLERIE DOMBES VAL DE SAONE,114 ALLEE DE FORQUEVAUX - PARC D'ACTIVITE DE TREVOUX - BP404,"01604",TREVOUX,06 82 47 36 14,http://recycleriedombessaone.fr,,114 Allee de Forquevaux 01600 Tr�voux,"0.25",housenumber,01427_0430_00114,"114",Allee de Forquevaux,,"01600",Tr�voux,"01, Ain, Auvergne-Rh�ne-Alpes","01427",,,,,,,,,,,,,,,
SIEL RECYCLERIE,12 CHEMIN DE LA PERCHE,"03300",CUSSET,04 70 96 77 52,http://recycleriesiel.com/,,12 Chemin de la Perche 03300 Cusset,"0.38",housenumber,03095_1671_00012,"12",Chemin de la Perche,,"03300",Cusset,"03, Allier, Auvergne-Rh�ne-Alpes","03095",,,,,,,,,,,,,,,
RESSOURCERIE ECATE,14 RUE MARIUS VINCENT,"07700",BOURG SAINT ANDEOL,09 60 50 59 56,http://facebook.com/RessourcerieEcate2015,,14 Rue Marius Vincent 07700 Bourg-Saint-And�ol,"0.38",housenumber,07042_0155_00014,"14",Rue Marius Vincent,,"07700",Bourg-Saint-And�ol,"07, Ard�che, Auvergne-Rh�ne-Alpes","07042",,,,,,,,,,,,,,,
RESSOURCERIE TRIMARAN,CHEMIN DE CHAMARAS - ZONE DU LAC,"07000",PRIVAS,04 75 20 85 60,http://ressourcerie-trimaran.fr/,,Chemin de Chamaras 07000 Privas,"0.29",street,07186_0142,,Chemin de Chamaras,,"07000",Privas,"07, Ard�che, Auvergne-Rh�ne-Alpes","07186",,,,,,,,,,,,,,,
AXED RESSOURCERIE,7 RUE DES ESPRATS - ZA DU MEYROL,"26200",MONTELIMAR,09 54 29 84 06,https://fr-fr.facebook.com/laressourcerie.axed/,,7 Rue des Esprats 26200 Mont�limar,"0.29",housenumber,26198_0874_00007,"7",Rue des Esprats,,"26200",Mont�limar,"26, Dr�me, Auvergne-Rh�ne-Alpes","26198",,,,,,,,,,,,,,,
ANCRE RESSOURCES,2 RUE DE CLASTRES,"26130",SAINT PAUL TROIS CHATEAUX,04 75 04 76 91,http://www.ancre-asso.fr,,2 Rue de Clastres 26130 Saint-Paul-Trois-Ch�teaux,"0.46",housenumber,26324_1522_00002,"2",Rue de Clastres,,"26130",Saint-Paul-Trois-Ch�teaux,"26, Dr�me, Auvergne-Rh�ne-Alpes","26324",,,,,,,,,,,,,,,
RESSOURCERIE DE LA BUISSE / EMPLOIS VERTS DU PAYS VOIRONNAIS,72 BOULEVARD DENFERT ROCHEREAU,"38501",VOIRON,04 76 32 72 80,https://www.facebook.com/RessourceriePaysVoironnais/,,72 Boulevard Denfert Rochereau 38500 Voiron,"0.27",housenumber,38563_0380_00072,"72",Boulevard Denfert Rochereau,,"38500",Voiron,"38, Is�re, Auvergne-Rh�ne-Alpes","38563",,,,,,,,,,,,,,,
ULISSE / GRENOBLE SOLIDARITE,1 RUE HAUQUELIN,"38000",GRENOBLE,04 76 44 35 88,http://ulisse38.com,,1 Rue Hauquelin 38000 Grenoble,"0.35",housenumber,38185_3460_00001,"1",Rue Hauquelin,,"38000",Grenoble,"38, Is�re, Auvergne-Rh�ne-Alpes","38185",,,,,,,,,,,,,,,
RESSOURCERIE DU PAYS DE BIEVRE VALLOIRE,200 ROUTE DU VILLAGE,"38870",SAINT PIERRE DE BRESSIEUX,04 27 69 00 62,http://laressourcerie-bv.fr,,Route de Bressieux 38870 Saint-Pierre-de-Bressieux,"0.33",street,38440_0038,,Route de Bressieux,,"38870",Saint-Pierre-de-Bressieux,"38, Is�re, Auvergne-Rh�ne-Alpes","38440",,,,,,,,,,,,,,,
CHRYSALIDE,11 RUE DU COLONEL MAREY,"42000",SAINT ETIENNE,04 77 37 95 36,http://chrysalide-ressourcerie.org,,11 Rue Colonel Marey 42000 Saint-�tienne,"0.4",housenumber,42218_5730_00011,"11",Rue Colonel Marey,,"42000",Saint-�tienne,"42, Loire, Auvergne-Rh�ne-Alpes","42218",,,,,,,,,,,,,,,
RESSOURCERIE ACORA,36 IMPASSE FONTVAL,"42300",ROANNE,04 77 44 68 40,http://ressourcerie-acora.fr/,,36 Impasse Fontval 42300 Roanne,"0.34",housenumber,42187_1250_00036,"36",Impasse Fontval,,"42300",Roanne,"42, Loire, Auvergne-Rh�ne-Alpes","42187",,,,,,,,,,,,,,,
JERECYCLE PARC,25 RUE DE CHATEAUDUN,"63000",CLERMONT FERRAND,09 51 73 24 83,http://jerecycleparc.org,,25 Rue de Chateaudun 63000 Clermont-Ferrand,"0.45",housenumber,63113_0980_00025,"25",Rue de Chateaudun,,"63000",Clermont-Ferrand,"63, Puy-de-D�me, Auvergne-Rh�ne-Alpes","63113",,,,,,,,,,,,,,,
RESSOURCERIE L'ENT'REMISE,LA PASSERELLE - PONT-DE-MENAT,"63440",POUZOL,06 11 17 30 98,http://ressourcerielentremise.fr,,Impasse de la Passerelle 63440 Pouzol,"0.28",street,63286_e31yy8,,Impasse de la Passerelle,,"63440",Pouzol,"63, Puy-de-D�me, Auvergne-Rh�ne-Alpes","63286",,,,,,,,,,,,,,,
RECUP'DORE SOLIDAIRE,LIEU-DIT LES BUGES,"63890",SAINT AMANT ROCHE SAVINE,04 73 72 91 98,http://facebook.com/ressourcerie.stamantrs/,,Rue de la R�sistance 63890 Saint-Amant-Roche-Savine,"0.31",street,63314_0070,,Rue de la R�sistance,,"63890",Saint-Amant-Roche-Savine,"63, Puy-de-D�me, Auvergne-Rh�ne-Alpes","63314",,,,,,,,,,,,,,,
RESSOURCERIE DU PAYS D'ISSOIRE,14 IMPASSE LATECOERE,"63500",ISSOIRE,04 43 12 60 14,http://ressourcerie-issoire.jimdo.com,,14 Impasse Pierre Georges Latecoere 63500 Issoire,"0.34",housenumber,63178_1297_00014,"14",Impasse Pierre Georges Latecoere,,"63500",Issoire,"63, Puy-de-D�me, Auvergne-Rh�ne-Alpes","63178",,,,,,,,,,,,,,,
RESSOURCERIE EN COMBRAILLES / LA REMISE,ROUTE DE ROCHE D'AGOUX,"63330",SAINT MAURICE PRES PIONSAT,04 73 52 03 53,http://www.ressourcerielaremise.fr/,,Lieu Dit les Bregiroux 63330 Saint-Maurice-pr�s-Pionsat,"0.3",street,63377_h6diac,,Lieu Dit les Bregiroux,,"63330",Saint-Maurice-pr�s-Pionsat,"63, Puy-de-D�me, Auvergne-Rh�ne-Alpes","63377",,,,,,,,,,,,,,,
RESSOURCERIE DES MONTS DU LYONNAIS / LE BON PLAN,14 RUE DE SAINT-GALMIER,"42140",CHAZELLES SUR LYON,09 82 35 90 72,http://ressourcerie-lebonplan.fr,,14 Rue de Saint-galmier 42140 Chazelles-sur-Lyon,"0.34",housenumber,42059_1180_00014,"14",Rue de Saint-galmier,,"42140",Chazelles-sur-Lyon,"42, Loire, Auvergne-Rh�ne-Alpes","42059",,,,,,,,,,,,,,,
REED / RECYCLERIE DE RILLIEUX LA PAPE,655 ROUTE DU MAS RILLIER,"69140",RILLIEUX LA PAPE,04 78 47 11 23,http://recyclerie-de-rillieuxlapape.org http://groupe-geim.fr,,Rue de la Pelleti�re 69140 Rillieux-la-Pape,"0.25",street,69286_0600,,Rue de la Pelleti�re,,"69140",Rillieux-la-Pape,"69, Rh�ne, Auvergne-Rh�ne-Alpes","69286",,,,,,,,,,,,,,,
VAL'TRIONS / [RE] TROUVAILLES,12 RUE DE LA BAVIODIERE,"69670",VAUGNERAY,07 69 47 60 34,https://fr-fr.facebook.com/AssociationValTrions/,,12 Rue de la Baviodiere 69670 Vaugneray,"0.31",housenumber,69255_0005_00012,"12",Rue de la Baviodiere,,"69670",Vaugneray,"69, Rh�ne, Auvergne-Rh�ne-Alpes","69255","69255",Vaugneray,,,,,,,,,,,,,
ASSOCIATION TRI,ZA LA BLANCHOTTE,"25440",QUINGEY,03 81 57 56 61,http://association-tri.com/,,La Blanchotte 25440 Quingey,"0.31",street,25475_r97ijj,,La Blanchotte,,"25440",Quingey,"25, Doubs, Bourgogne-Franche-Comt�","25475",,,,,,,,,,,,,,,
ALCG,RUE JEAN ESCHBACH,"39800",POLIGNY,03 84 37 11 46,http://alcg-reemploi.com,,Rue Jean Eschbach 39800 Poligny,"0.41",street,39434_0842,,Rue Jean Eschbach,,"39800",Poligny,"39, Jura, Bourgogne-Franche-Comt�","39434",,,,,,,,,,,,,,,
ALCG,RUE ROGER THIRODE,"39800",POLIGNY,03 84 37 26 04,http://alcg-reemploi.com,,Rue Roger Thirode 39800 Poligny,"0.41",street,39434_1295,,Rue Roger Thirode,,"39800",Poligny,"39, Jura, Bourgogne-Franche-Comt�","39434",,,,,,,,,,,,,,,
ALCG,51 AVENUE JACQUES DUHAMEL,"39100",DOLE,03 84 82 23 15,http://alcg-reemploi.com,,51 Avenue Jacques Duhamel 39100 Dole,"0.45",housenumber,39198_0972_00051,"51",Avenue Jacques Duhamel,,"39100",Dole,"39, Jura, Bourgogne-Franche-Comt�","39198",,,,,,,,,,,,,,,
ALCG,441 AVENUE DU MARECHAL DE LATTRE DE TASSIGNY,"39300",CHAMPAGNOLE,03 84 51 75 95,http://alcg-reemploi.com,,441 Av Mal de Lattre de Tassigny 39300 Champagnole,"0.45",housenumber,39097_0237_00441,"441",Av Mal de Lattre de Tassigny,,"39300",Champagnole,"39, Jura, Bourgogne-Franche-Comt�","39097",,,,,,,,,,,,,,,
ALCG,1 CHEMIN AU LOU,"39400",MORBIER,03 84 33 13 47,http://alcg-reemploi.com,,1 Chemin au Lou 39400 Morbier,"0.39",housenumber,39367_0280_00001,"1",Chemin au Lou,,"39400",Morbier,"39, Jura, Bourgogne-Franche-Comt�","39367",,,,,,,,,,,,,,,
ALCG,410 RUE DES INDUSTRIES,"71500",BRANGES,03 85 72 26 11,http://alcg-reemploi.com,,410 Rue des Industries 71500 Branges,"0.44",housenumber,71056_0330_00410,"410",Rue des Industries,,"71500",Branges,"71, Sa�ne-et-Loire, Bourgogne-Franche-Comt�","71056",,,,,,,,,,,,,,,
ASSOCIATION LE PONT / RESSOURCERIE ECOSOL LE PONT,10 RUE JEAN MERMOZ,"71000",MACON,03 85 21 94 59,https://lepont.asso.fr,,10 Rue Jean Mermoz 71000 M�con,"0.28",housenumber,71270_3660_00010,"10",Rue Jean Mermoz,,"71000",M�con,"71, Sa�ne-et-Loire, Bourgogne-Franche-Comt�","71270",,,,,,,,,,,,,,,
ASSOCIATION LE PONT / RESSOURCERIE ECOSOL LE PONT,19 RUE MATHIEU,"71000",MACON,03 85 34 26 19,https://lepont.asso.fr,,19 Rue Mathieu 71000 M�con,"0.25",housenumber,71270_3620_00019,"19",Rue Mathieu,,"71000",M�con,"71, Sa�ne-et-Loire, Bourgogne-Franche-Comt�","71270",,,,,,,,,,,,,,,
ASSOCIATION LE PONT / RESSOURCERIE ECOSOL LE PONT,28BIS ROUTE DE JALOGNY,"71250",CLUNY,03 85 21 94 59,https://lepont.asso.fr,,28 bis Route de Jalogny 71250 Cluny,"0.28",housenumber,71137_0517_00028_bis,28 bis,Route de Jalogny,,"71250",Cluny,"71, Sa�ne-et-Loire, Bourgogne-Franche-Comt�","71137",,,,,,,,,,,,,,,
ECONOMIE SOLIDARITE PARTAGE / RESSOURCERIE DE TOURNUS,LE PAS FLEURY,"71700",TOURNUS,03 85 32 16 89,http://economie-solidarite-partage.com,,Le Pas Fleury 71700 Tournus,"0.22",street,71543_b219,,Le Pas Fleury,,"71700",Tournus,"71, Sa�ne-et-Loire, Bourgogne-Franche-Comt�","71543",,,,,,,,,,,,,,,
L'AGENCE DU PATRIMOINE / REORIENT'EXPRESS RESSOURCERIE,PLACE DE L'EGLISE,"71130",GUEUGNON,03 58 42 47 53,http://agencedupatrimoine.org/?page_id=39,,Les Pres de la Riviere 71130 Gueugnon,"0.24",locality,71230_b248,,Les Pres de la Riviere,,"71130",Gueugnon,"71, Sa�ne-et-Loire, Bourgogne-Franche-Comt�","71230",,,,,,,,,,,,,,,
RESSOURCERIE 90,3 RUE DE SOISSONS,"90000",BELFORT,03 84 22 63 36,https://www.inser-vet.com/,,3 Rue de Soissons 90000 Belfort,"0.36",housenumber,90010_3610_00003,"3",Rue de Soissons,,"90000",Belfort,"90, Territoire de Belfort, Bourgogne-Franche-Comt�","90010",,,,,,,,,,,,,,,
PENTHIEVRE ACTIONS / RESSOURC'ECO,44 RUE DE DINARD,"22400",LAMBALLE,02 96 31 34 77,http://penthievre-actions.fr,,44 Rue de Penthi�vre 22400 Lamballe-Armor,"0.36",housenumber,22093_0430_00044,"44",Rue de Penthi�vre,,"22400",Lamballe-Armor,"22, C�tes-d'Armor, Bretagne","22093","22093",Lamballe,,,,,,,,,,,,,
CAP SOLIDARITE OUEST CORNOUAILLE,17A RUE DES GENETS,"29710",PLOZEVET,02 98 70 86 32,http://capsolidarite.wixsite.com/solidarite,,17 a Rue des Gen�ts 29710 Ploz�vet,"0.26",housenumber,29215_0298_00017_a,17 a,Rue des Gen�ts,,"29710",Ploz�vet,"29, Finist�re, Bretagne","29215",,,,,,,,,,,,,,,
RECYCLERIE DE REDON / LA REDONNERIE,7 RUE DE BRIANGAUD,"35600",REDON,02 57 71 00 35,https://www.facebook.com/LaRedonnerie,,7 Rue de Briangaud 35600 Redon,"0.27",housenumber,35236_0181_00007,"7",Rue de Briangaud,,"35600",Redon,"35, Ille-et-Vilaine, Bretagne","35236",,,,,,,,,,,,,,,
MODE D'EMPLOIS,17 RUE DE L'HOTEL DE VILLE,"35470",BAIN DE BRETAGNE,"02 99 43 80 22
",http://modedeco.org,,17 Rue de l'H�tel de Ville 35470 Bain-de-Bretagne,"0.49",housenumber,35012_0400_00017,"17",Rue de l'H�tel de Ville,,"35470",Bain-de-Bretagne,"35, Ille-et-Vilaine, Bretagne","35012",,,,,,,,,,,,,,,
CAP RESSOURCERIE,11 ZA DE MANE LENN,"56950",CRAC'H,06 58 60 37 11,https://www.cap-ressourcerie.com/,,Zone Artisanale Mane Lenn 56950 Crach,"0.22",street,56046_2393,,Zone Artisanale Mane Lenn,,"56950",Crach,"56, Morbihan, Bretagne","56046",,,,,,,,,,,,,,,
LES ATELIERS LIGETERIENS,6 ROUTE NATIONALE,"45190",TAVERS,06 62 04 87 63,http://lesateliersligeteriens.org,,6 Route Nationale 152 45190 Tavers,"0.29",housenumber,45317_0240_00006,"6",Route Nationale 152,,"45190",Tavers,"45, Loiret, Centre-Val de Loire","45317",,,,,,,,,,,,,,,
RESSOURCERIE DU BLESOIS : LES BONNES MANIERES,59 AVENUE DU PRESIDENT WILSON,"41000",BLOIS,06 99 93 64 97,https://www.facebook.com/ressourceriedublesois/,,59 Avenue du President Wilson 41000 Blois,"0.3",housenumber,41018_3200_00059,"59",Avenue du President Wilson,,"41000",Blois,"41, Loir-et-Cher, Centre-Val de Loire","41018",,,,,,,,,,,,,,,
LA RESSOURCE AAA,106 RUE DE BOURGOGNE,"45000",ORLEANS,07 82 57 91 90,http://laressourceaaa.fr,,Rue de l'Argonne 45000 Orl�ans,"0.31",street,45234_0400,,Rue de l'Argonne,,"45000",Orl�ans,"45, Loiret, Centre-Val de Loire","45234",,,,,,,,,,,,,,,
LA RESSOURCE AAA,6-10 AVENUE FRANCOIS RABELAIS,"45800",SAINT JEAN DE BRAYE,07 82 57 91 90,http://laressourceaaa.fr,,10 Rue Francois Rabelais 45800 Saint-Jean-de-Braye,"0.44",housenumber,45284_2z52ep_00010,"10",Rue Francois Rabelais,,"45800",Saint-Jean-de-Braye,"45, Loiret, Centre-Val de Loire","45284",,,,,,,,,,,,,,,
REGIE DE QUARTIERS DE VENDOME / LA RECYCLERIE,52/54 RUE DE COURTIRAS,"41100",VENDOME,"02 54 77 44 65
02 54 67 02 10 (Ressourcerie)",http://regiedequartiersvendome.fr,,54 Rue de Courtiras 41100 Vend�me,"0.23",housenumber,41269_0570_00054,"54",Rue de Courtiras,,"41100",Vend�me,"41, Loir-et-Cher, Centre-Val de Loire","41269",,,,,,,,,,,,,,,
RESSOURCERIE LA CHARPENTIERE,2BIS RUE MARCEL DASSAULT,"37520",LA RICHE,09 51 04 54 19,http://ressourcerie-lacharpentiere.fr,,2 bis Rue Marcel Dassault 37520 La Riche,"0.32",housenumber,37195_0237_00002_bis,2 bis,Rue Marcel Dassault,,"37520",La Riche,"37, Indre-et-Loire, Centre-Val de Loire","37195",,,,,,,,,,,,,,,
BELL'OCCAS,19 ROUTE DE ROCROI - MON IDEE,"08260",AUVILLERS LES FORGES,03 24 54 57 34,http://belloccas.fr,,19 Route de Rocroi 08260 Auvillers-les-Forges,"0.44",housenumber,08037_0057_00019,"19",Route de Rocroi,,"08260",Auvillers-les-Forges,"08, Ardennes, Grand Est","08037",,,,,,,,,,,,,,,
BELL'OCCAS,9 RUE DU PETIT BOIS,"08000",CHARLEVILLE-MEZIERES,03 24 33 25 83,http://belloccas.fr,,Rue Fred Scamaroni 08000 Charleville-M�zi�res,"0.34",street,08105_1415,,Rue Fred Scamaroni,,"08000",Charleville-M�zi�res,"08, Ardennes, Grand Est","08105",,,,,,,,,,,,,,,
BELL'OCCAS,37 AVENUE GAMBETTA,"08300",RETHEL,03 24 39 75 07,http://belloccas.fr,,37 Avenue Gambetta 08300 Rethel,"0.41",housenumber,08362_0520_00037,"37",Avenue Gambetta,,"08300",Rethel,"08, Ardennes, Grand Est","08362","08362",Rethel,,,,,,,,,,,,,
BELL'OCCAS,29 AVENUE DE SAINT-JULIEN,"08000",CHARLEVILLE-MEZIERES,03 10 07 02 03,http://belloccas.fr,,29 Avenue de Saint-julien 08000 Charleville-M�zi�res,"0.54",housenumber,08105_3590_00029,"29",Avenue de Saint-julien,,"08000",Charleville-M�zi�res,"08, Ardennes, Grand Est","08105",,,,,,,,,,,,,,,
DEFI RESSOURCERIE,25 ROUTE D'ISSENHEIM,"68360",SOULTZ HAUT RHIN,03 89 76 83 93,http://association-defi-68.fr,,25 Route d'Issenheim 68360 Soultz-Haut-Rhin,"0.41",housenumber,68315_0460_00025,"25",Route d'Issenheim,,"68360",Soultz-Haut-Rhin,"68, Haut-Rhin, Grand Est","68315",,,,,,,,,,,,,,,
ENRESO 51 / RECUP'R,184 CHEMIN DES BAS JARDINS,"51530",DIZY,06 59 49 64 11,https://fr-fr.facebook.com/ressourcerierecupR/,,Chemin des Bas Jardins 51530 Dizy,"0.29",street,51210_0025,,Chemin des Bas Jardins,,"51530",Dizy,"51, Marne, Grand Est","51210",,,,,,,,,,,,,,,
RECYCLERIE DE L'AGGLOMERATION DU COMPIEGNOIS,LES HAUTS DE MARGNY,"60280",MARGNY LES COMPIEGNE,03 44 40 09 90,http://rac60.com,,All�e des Roses de Picardie 60280 Margny-l�s-Compi�gne,"0.32",street,60382_0415,,All�e des Roses de Picardie,,"60280",Margny-l�s-Compi�gne,"60, Oise, Hauts-de-France","60382",,,,,,,,,,,,,,,
RECUP'TRI,ZAL DES CHAMPS DU CLERC - RUE DE ROUEN,"62160",AIX NOULETTE,03 21 28 46 08,https://recuptri.fr/,,Zal des Champs du Cler 62160 Aix-Noulette,"0.41",locality,62019_x011,,Zal des Champs du Cler,,"62160",Aix-Noulette,"62, Pas-de-Calais, Hauts-de-France","62019",,,,,,,,,,,,,,,
RESSOURCERIE DE L'ABEJ,220 RUE JEAN JAURES,"59650",VILLENEUVE D'ASCQ,03 66 19 10 00,https://abej-solidarite.fr/structure/la-ressourcerie/,,Voie Desserte 239 R.jean Jaures 59650 Villeneuve-d'Ascq,"0.36",street,59009_yzjftf,,Voie Desserte 239 R.jean Jaures,,"59650",Villeneuve-d'Ascq,"59, Nord, Hauts-de-France","59009",,,,,,,,,,,,,,,
RESSOURCERIE DU LITTORAL AFEJI / ECO&DEKO,26 RUE DE L'ESPLANADE,"59140",DUNKERQUE,03 28 69 25 13,http://afeji.org,,26 Rue de l'Esplanade 59140 Dunkerque,"0.36",housenumber,59183_0490_00026,"26",Rue de l'Esplanade,,"59140",Dunkerque,"59, Nord, Hauts-de-France","59183","59540",Saint-Pol-sur-Mer,,,,,,,,,,,,,
LE MAILLON-C2RI,450 RUE JEAN JAURES,"59410",ANZIN,03 27 46 77 92,,,450 Rue Jean Jaures 59410 Anzin,"0.49",housenumber,59014_0510_00450,"450",Rue Jean Jaures,,"59410",Anzin,"59, Nord, Hauts-de-France","59014",,,,,,,,,,,,,,,
ORME ACTIVITES / RESSOURCERIE D'HAZEBROUCK,59 RUE DU VIEUX BERQUIN,"59190",HAZEBROUCK,03 28 40 97 50,http://orme-activitee.e-monsite.com/,,59 Rue de Vieux-berquin 59190 Hazebrouck,"0.31",housenumber,59295_1080_00059,"59",Rue de Vieux-berquin,,"59190",Hazebrouck,"59, Nord, Hauts-de-France","59295",,,,,,,,,,,,,,,
LES ATELIERS DE LA BERGERETTE,8 RUE DE LA BERGERETTE,"60000",BEAUVAIS,03 44 48 26 74,"http://ateliers-bergerette.org
",,8 Rue de la Bergerette 60000 Beauvais,"0.35",housenumber,60057_0440_00008,"8",Rue de la Bergerette,,"60000",Beauvais,"60, Oise, Hauts-de-France","60057",,,,,,,,,,,,,,,
LES ATELIERS DE LA BERGERETTE,32 RUE DE SAVIGNIES,"60000",BEAUVAIS,03 44 48 26 74,http://ateliers-bergerette.org,,32 Rue de la Bergerette 60000 Beauvais,"0.36",housenumber,60057_0440_00032,"32",Rue de la Bergerette,,"60000",Beauvais,"60, Oise, Hauts-de-France","60057",,,,,,,,,,,,,,,
IL ETAIT DEUX FOIS,8 RUE DU MOULIN - PARC D'ACTIVITES DU MOULIN,"62170",CAMPIGNEULLES LES PETITES,07 66 00 70 31,https://www.facebook.com/ressourcerieiletaitdeuxfois/,,Parc d'Activites 62170 Campigneulles-les-Petites,"0.3",street,62207_x010,,Parc d'Activites,,"62170",Campigneulles-les-Petites,"62, Pas-de-Calais, Hauts-de-France","62207",,,,,,,,,,,,,,,
ATRE,122 RUE DE CANTEREINE,"62130",SAINT POL SUR TERNOISE,03 21 03 87 00,http://atre62.fr,,122 Rue de Canteraine 62130 Saint-Pol-sur-Ternoise,"0.53",housenumber,62767_0100_00122,"122",Rue de Canteraine,,"62130",Saint-Pol-sur-Ternoise,"62, Pas-de-Calais, Hauts-de-France","62767",,,,,,,,,,,,,,,
ATRE,18 RUE CLEMENCEAU,"62270",FREVENT,06 23 13 04 47,http://atre62.fr,,18 Rue Georges Cl�menceau 62270 Fr�vent,"0.41",housenumber,62361_0200_00018,"18",Rue Georges Cl�menceau,,"62270",Fr�vent,"62, Pas-de-Calais, Hauts-de-France","62361",,,,,,,,,,,,,,,
ATRE,36 RUE DE FRUGES,"62130",SAINT POL SUR TERNOISE,,http://atre62.fr,,36 Rue de Fruges 62130 Saint-Pol-sur-Ternoise,"0.66",housenumber,62767_0270_00036,"36",Rue de Fruges,,"62130",Saint-Pol-sur-Ternoise,"62, Pas-de-Calais, Hauts-de-France","62767",,,,,,,,,,,,,,,
DIE,77 RUE D'ARRAS,"62320",DROCOURT,03 21 77 06 56,http://ressourcerie-evin.org,,77 Route d'Arras 62320 Drocourt,"0.35",housenumber,62277_0080_00077,"77",Route d'Arras,,"62320",Drocourt,"62, Pas-de-Calais, Hauts-de-France","62277",,,,,,,,,,,,,,,
DIE / RESSOURCERIE DU SYMEVAD,58 RUE MIRABEAU PROLONGEE,"62141",EVIN MALMAISON,03 21 77 06 56,http://ressourcerie-evin.org/,,Rue Victor Mirabeau Prolongee 62141 �vin-Malmaison,"0.45",street,62321_0381,,Rue Victor Mirabeau Prolongee,,"62141",�vin-Malmaison,"62, Pas-de-Calais, Hauts-de-France","62321",,,,,,,,,,,,,,,
DIE,116 ROUTE D'HARNES,"62110",HENIN-BEAUMONT,,http://ressourcerie-evin.org,,116 Rue d'Harnes 62110 H�nin-Beaumont,"0.48",housenumber,62427_0430_00116,"116",Rue d'Harnes,,"62110",H�nin-Beaumont,"62, Pas-de-Calais, Hauts-de-France","62427",,,,,,,,,,,,,,,
RESSOURCERIE DU CALAISIS,102-104 BOULEVARD JACQUARD,"62100",CALAIS,07 78 80 09 53,http://ressourceriefacevalo.wordpress.com,,104 Boulevard Jacquard 62100 Calais,"0.31",housenumber,62193_2340_00104,"104",Boulevard Jacquard,,"62100",Calais,"62, Pas-de-Calais, Hauts-de-France","62193",,,,,,,,,,,,,,,
RESSOURCERIE A LA COURTE ECHELLE,8 PLACE JEAN JAURES,"62190",LILLERS,03 21 53 37 88,http://alacourteechelle.fr,,8 Place Jean Jaur�s 62190 Lillers,"0.32",housenumber,62516_0410_00008,"8",Place Jean Jaur�s,,"62190",Lillers,"62, Pas-de-Calais, Hauts-de-France","62516",,,,,,,,,,,,,,,
RESSOURCERIE A LA COURTE ECHELLE,5 RUE DU MARESQUET,"62120",NORRENT-FONTES,03 21 02 81 96,http://alacourteechelle.fr,,5 Rue du Maresquet 62120 Norrent-Fontes,"0.34",housenumber,62620_0220_00005,"5",Rue du Maresquet,,"62120",Norrent-Fontes,"62, Pas-de-Calais, Hauts-de-France","62620",,,,,,,,,,,,,,,
RECUP'TRI,53 RUE LOUIS BLERIOT,"62360",SAINT LEONARD,03 21 30 21 56,,,53 Rue Bleriot 62360 Saint-L�onard,"0.5",housenumber,62755_0065_00053,"53",Rue Bleriot,,"62360",Saint-L�onard,"62, Pas-de-Calais, Hauts-de-France","62755",,,,,,,,,,,,,,,
ASSOCIATION 2EME CHANCE,213 BOULEVARD VOLTAIRE,"80100",ABBEVILLE,03 22 25 77 84,https://association2emechance.jimdo.com/,,213 Boulevard Voltaire 80100 Abbeville,"0.34",housenumber,80001_2270_00213,"213",Boulevard Voltaire,,"80100",Abbeville,"80, Somme, Hauts-de-France","80001",,,,,,,,,,,,,,,
ASSOCIATION 2EME CHANCE,2 ROUTE NATIONALE,"80860",NOUVION EN PONTHIEU,,https://association2emechance.jimdo.com/,,2 N Route Nationale 80860 Nouvion,"0.3",housenumber,80598_0421_00002,"2",N Route Nationale,,"80860",Nouvion,"80, Somme, Hauts-de-France","80598",,,,,,,,,,,,,,,
RESSOURCERIE DU DOUAISIS,126 RUE DU MARECHAL JOFFRE,"59283",RAIMBEAUCOURT,03 27 80 10 69,http://emmaus-douaisis.fr,,126 Rue du Marechal Joffre 59283 Raimbeaucourt,"0.41",housenumber,59489_0420_00126,"126",Rue du Marechal Joffre,,"59283",Raimbeaucourt,"59, Nord, Hauts-de-France","59489",,,,,,,,,,,,,,,
LE CERCLE,24 BOULEVARD DE LA SEINE,"92000",NANTERRE,09 83 99 80 83,http://lecercle-ressourcerie.com,,Boulevard de la D�fense 92000 Nanterre,"0.33",street,92050_2507,,Boulevard de la D�fense,,"92000",Nanterre,"92, Hauts-de-Seine, �le-de-France","92050",,,,,,,,,,,,,,,
ASSOCIATION 1000 COLLECTES / RESSOURCERIE DES BATIGNOLLES,132 RUE DE SAUSSURE,"75017",PARIS,01 46 22 68 95,http://laressourceriedesbatignolles.org,,132 Rue de Saussure 75017 Paris,"0.25",housenumber,75117_8847_00132,"132",Rue de Saussure,,"75017",Paris,"75, Paris, �le-de-France","75117",,,Paris 17e Arrondissement,,,,,,,,,,,,
LA PETITE ROCKETTE,125 RUE DU CHEMIN VERT,"75011",PARIS,01 55 28 61 18,http://lapetiterockette.org,,125 Rue du Chemin Vert 75011 Paris,"0.37",housenumber,75111_1966_00125,"125",Rue du Chemin Vert,,"75011",Paris,"75, Paris, �le-de-France","75111",,,Paris 11e Arrondissement,,,,,,,,,,,,
LA PETITE ROCKETTE,41 RUE JACQUES HILLAIRET,"75012",PARIS,01 55 28 61 18,http://lapetiterockette.org,,41 Rue Jacques Hillairet 75012 Paris,"0.39",housenumber,75112_4795_00041,"41",Rue Jacques Hillairet,,"75012",Paris,"75, Paris, �le-de-France","75112",,,Paris 12e Arrondissement,,,,,,,,,,,,
LA RESSOURCERIE CREATIVE,82 AVENUE DENFERT-ROCHEREAU,"75014",PARIS,06 73 91 81 75,http://laressourceriecreative.com,,82 Avenue Denfert-rochereau 75014 Paris,"0.37",housenumber,75114_2692_00082,"82",Avenue Denfert-rochereau,,"75014",Paris,"75, Paris, �le-de-France","75114",,,Paris 14e Arrondissement,,,,,,,,,,,,
ARILE / RESSOURCERIE HORIZON,20 RUE AMPERE,"77100",MEAUX,01 60 09 93 93,http://horizon-77.com,,20 Rue Amp�re 77100 Meaux,"0.3",housenumber,77284_0055_00020,"20",Rue Amp�re,,"77100",Meaux,"77, Seine-et-Marne, �le-de-France","77284",,,,,,,,,,,,,,,
LA COLLECTERIE,18 RUE SAINT-ANTOINE,"93100",MONTREUIL,01 70 24 06 21,http://lacollecterie.org,,18 Rue Saint Antoine 93100 Montreuil,"0.41",housenumber,93048_8810_00018,"18",Rue Saint Antoine,,"93100",Montreuil,"93, Seine-Saint-Denis, �le-de-France","93048",,,,,,,,,,,,,,,
LA COLLECTERIE,34 RUE DU CAPITAINE DREYFUS,"93100",MONTREUIL,01 82 02 61 00,http://lacollecterie.org,,34 Rue du Capitaine Dreyfus 93100 Montreuil,"0.45",housenumber,93048_1414_00034,"34",Rue du Capitaine Dreyfus,,"93100",Montreuil,"93, Seine-Saint-Denis, �le-de-France","93048",,,,,,,,,,,,,,,
APPROCHE,90BIS AVENUE BARBES,"94100",SAINT MAUR DES FOSSES,"01 48 83 13 67 
",http://association-approche.com.fr,,90 bis Avenue Barb�s 94100 Saint-Maur-des-Foss�s,"0.44",housenumber,94068_0620_00090_bis,90 bis,Avenue Barb�s,,"94100",Saint-Maur-des-Foss�s,"94, Val-de-Marne, �le-de-France","94068",,,,,,,,,,,,,,,
APPROCHE,43 RUE DU DOCTEUR CALMETTE PROLONGEE,"94310",ORLY,01 48 83 13 67,http://association-approche.com.fr,,43 Rue du Docteur Calmette 94310 Orly,"0.36",housenumber,94054_2530_00043,"43",Rue du Docteur Calmette,,"94310",Orly,"94, Val-de-Marne, �le-de-France","94054",,,,,,,,,,,,,,,
RESSOURCERIE IMAJ,PARC D'ACTIVITES DE LA GARE - RUE LOUISE MICHEL,"95570",BOUFFEMONT,01 34 39 16 00,http://imaj95.fr,,Rue Louise Michel 95570 Bouff�mont,"0.31",street,95091_0241,,Rue Louise Michel,,"95570",Bouff�mont,"95, Val-d'Oise, �le-de-France","95091",,,,,,,,,,,,,,,
APTIMA / RESSOURCERIE APTIPRIX,26 RUE DES CLOSEAUX,"78200",MANTES LA JOLIE,01 30 33 06 65,http://aptima.fr,,26 Rue des Closeaux 78200 Mantes-la-Jolie,"0.41",housenumber,78361_0510_00026,"26",Rue des Closeaux,,"78200",Mantes-la-Jolie,"78, Yvelines, �le-de-France","78361",,,,,,,,,,,,,,,
APTIMA / LIBRAIRIE SOLIDAIRE APTIMOTS,84 BOULEVARD VICTOR HUGO,"78130",LES MUREAUX,,http://aptima.fr,,84 Boulevard Victor Hugo 78130 Les Mureaux,"0.45",housenumber,78440_0820_00084,"84",Boulevard Victor Hugo,,"78130",Les Mureaux,"78, Yvelines, �le-de-France","78440",,,,,,,,,,,,,,,
LA GERBE / RESSOURCERIE DES 2 RIVES,13 RUE FONTENELLES,"78920",ECQUEVILLY,01 34 75 56 15,http://ressourcerie.lagerbe.org,,13 Rue des Fontenelles 78920 Ecquevilly,"0.34",housenumber,78206_0085_00013,"13",Rue des Fontenelles,,"78920",Ecquevilly,"78, Yvelines, �le-de-France","78206",,,,,,,,,,,,,,,
RESSOURCES&VOUS,7 RUE DE L'EGLISE,"78610",LE PERRAY EN YVELINES,09 51 23 59 31,http://ressourcesetvous.org,,7 Rue des Rabi�res 78610 Le Perray-en-Yvelines,"0.38",housenumber,78486_0724_00007,"7",Rue des Rabi�res,,"78610",Le Perray-en-Yvelines,"78, Yvelines, �le-de-France","78486",,,,,,,,,,,,,,,
RESSOURCES&VOUS,46 RUE DE LA MADELEINE,"28230",EPERNON,09 51 23 59 31,http://ressourcesetvous.org,,46 Rue de la Madeleine 28230 �pernon,"0.38",housenumber,28140_0290_00046,"46",Rue de la Madeleine,,"28230",�pernon,"28, Eure-et-Loir, Centre-Val de Loire","28140",,,,,,,,,,,,,,,
RESSOURCES&VOUS,10 RUE LAGUESSE-CHARON,"78730",SAINT-ARNOULT-EN-YVELINES,09 51 23 59 31,http://ressourcesetvous.org,,10 Rue Laguesse Charron 78730 Saint-Arnoult-en-Yvelines,"0.47",housenumber,78537_0640_00010,"10",Rue Laguesse Charron,,"78730",Saint-Arnoult-en-Yvelines,"78, Yvelines, �le-de-France","78537",,,,,,,,,,,,,,,
APSM,37 RUE DU DOUBLE DIX LA MARE,"97438",SAINTE MARIE,02 62 53 16 74,https://apsm.re/,,37 Rue du Double Dix 97438 Sainte-Marie,"0.47",housenumber,97418_0151_00037,"37",Rue du Double Dix,,"97438",Sainte-Marie,"974, La R�union","97418",,,,,,,,,,,,,,,
ADRIE / RESSOURCERIE LELA,21 RUE DES VAVANGUES - ZAC FINETTE,"97490",SAINTE CLOTILDE,02 62 94 78 86,http://adrie.fr,,Rue des Vavangues 97490 Saint-Denis,"0.29",street,97411_1432,,Rue des Vavangues,,"97490",Saint-Denis,"974, La R�union","97411",,,,,,,,,,,,,,,
ACISE,1 RUE MARTIN LUTHER KING,"97200",FORT DE France,05 96 63 03 68,http://acisesamusocial.org/,,1 Rue Martin Luther King 97200 Fort-de-France,"0.49",housenumber,97209_1195_00001,"1",Rue Martin Luther King,,"97200",Fort-de-France,"972, Martinique","97209",,,,,,,,,,,,,,,
RESSOURCERIE COOP 5 POUR 100,33 ROUTE DE TROUVILLE,"14000",CAEN,06 30 34 49 49,http://coop5pour100.com,,33 Route de Trouville 14000 Caen,"0.34",housenumber,14118_7180_00033,"33",Route de Trouville,,"14000",Caen,"14, Calvados, Normandie","14118",,,,,,,,,,,,,,,
PAYS D'AUGE RESSOURCERIE,11 QUAI DES REMPARTS,"14100",LISIEUX,09 53 96 86 76,http://paysdaugeressourcerie.org,,11 Quai des Remparts 14100 Lisieux,"0.33",housenumber,14366_1320_00011,"11",Quai des Remparts,,"14100",Lisieux,"14, Calvados, Normandie","14366",,,,,,,,,,,,,,,
RESSOURCERIE DU TEF,3 ROUTE DE FONTENAY - LIEU-DIT LES RIFFETS,"14680",BRETEVILLE SUR LAIZE,02 31 23 84 72,http://tefducingal.org,,3 Chateau les Riffets 14680 Bretteville-sur-Laize,"0.33",housenumber,14100_hpf57l_00003,"3",Chateau les Riffets,,"14680",Bretteville-sur-Laize,"14, Calvados, Normandie","14100",,,,,,,,,,,,,,,
L'ABRI,392 RUE DE COCHEREL,"27000",EVREUX,06 78 28 71 51,http://abriasso.org,,392 Rue de Cocherel 27000 �vreux,"0.44",housenumber,27229_0730_00392,"392",Rue de Cocherel,,"27000",�vreux,"27, Eure, Normandie","27229",,,,,,,,,,,,,,,
L'ABRI,1 ROUTE DES FALAISES,"27100",VAL DE REUIL,09 86 48 63 60,http://abriasso.org,,1 Route des Falaises 27100 Val-de-Reuil,"0.48",housenumber,27701_4w2gcj_00001,"1",Route des Falaises,,"27100",Val-de-Reuil,"27, Eure, Normandie","27701",,,,,,,,,,,,,,,
L'ABRI,RUE DE FRANCHE COMTE,"27460",LE MANOIR SUR SEINE,09 86 38 05 05,http://abriasso.org,,Rue de Franche-comt� 27460 Le Manoir,"0.4",street,27386_0031,,Rue de Franche-comt�,,"27460",Le Manoir,"27, Eure, Normandie","27386",,,,,,,,,,,,,,,
L'ABRI,COTE DE MANTELLE,"27700",LES ANDELYS,02 32 51 68 12,http://abriasso.org,,Cote de Mantelle 27700 Les Andelys,"0.45",street,27016_b064,,Cote de Mantelle,,"27700",Les Andelys,"27, Eure, Normandie","27016",,,,,,,,,,,,,,,
LA RESSOURCERIE DU SDOMODE,35BIS ROUTE DE ROUEN,"27300",MENNEVAL,02 79 26 00 71,http://sdomode.fr,,Route de Rouen 27300 Menneval,"0.31",street,27398_0045,,Route de Rouen,,"27300",Menneval,"27, Eure, Normandie","27398",,,,,,,,,,,,,,,
OSE RECYCLERIE / TRI MARRANT,788 AVENUE DE L'EUROPE,"50400",YQUELON,02 33 90 66 00,http://tri-marrant.fr/,,788 Avenue de l'Europe 50400 Yquelon,"0.35",housenumber,50647_0033_00788,"788",Avenue de l'Europe,,"50400",Yquelon,"50, Manche, Normandie","50647",,,,,,,,,,,,,,,
TRI TOUT SOLIDAIRE,31QUATER RUE GUILLAUME MICHEL,"50180",AGNEAUX,02 33 05 83 86,http://tritoutsolidaire.fr,,31 quater Rue Guillaume Michel 50180 Agneaux,"0.4",housenumber,50002_0245_00031_quater,31 quater,Rue Guillaume Michel,,"50180",Agneaux,"50, Manche, Normandie","50002",,,,,,,,,,,,,,,
TRI TOUT SOLIDAIRE DU PAYS DE COUTANCES,14 RUE DU HAUT MESNIL,"50200",SAINT PIERRE DE COUTANCES,02 33 45 87 39,https://www.facebook.com/Tritout-Pays-de-Coutances-217925548691503,,14 Rue du Haut Mesnil 50200 Saint-Pierre-de-Coutances,"0.3",housenumber,50537_0023_00014,"14",Rue du Haut Mesnil,,"50200",Saint-Pierre-de-Coutances,"50, Manche, Normandie","50537",,,,,,,,,,,,,,,
CLIPS RESSOURCERIE,ZA DES BOSQUETS,"76210",SAINT EUSTALE LA FORET,02 35 38 17 77,https://www.facebook.com/CLIPS-Ressourcerie-1662303560673481/,,Rue des Bosquets 76210 Saint-Eustache-la-For�t,"0.29",street,76576_ifks8n,,Rue des Bosquets,,"76210",Saint-Eustache-la-For�t,"76, Seine-Maritime, Normandie","76576",,,,,,,,,,,,,,,
EMERGENCE-S,88 RUE DU CHAMP DES OISEAUX,"76000",ROUEN,02 35 52 77 00,http://www.emergence-s.fr/,,88 Rue du Champ des Oiseaux 76000 Rouen,"0.43",housenumber,76540_1620_00088,"88",Rue du Champ des Oiseaux,,"76000",Rouen,"76, Seine-Maritime, Normandie","76540",,,,,,,,,,,,,,,
RESISTES,"10-12 HANGAR 2
10 RUE RICHARD WADDINGTON
","76160",DARNETAL,02 32 83 33 75,http://resistes.org,,10 Rue Richard Waddington 76160 Darn�tal,"0.41",housenumber,76212_0580_00010,"10",Rue Richard Waddington,,"76160",Darn�tal,"76, Seine-Maritime, Normandie","76212",,,,,,,,,,,,,,,
LE GRENIER,28 RUE DU CAPUCHET,"76620",LE HAVRE,02 35 21 18 24,http://www.asso-legrenier.org,,28 Rue du Capuchet 76620 Le Havre,"0.39",housenumber,76351_1178_00028,"28",Rue du Capuchet,,"76620",Le Havre,"76, Seine-Maritime, Normandie","76351",,,,,,,,,,,,,,,
LE GRENIER,241 AVENUE DU 8 MAI 1945,"76610",LE HAVRE,02 35 21 18 24,http://www.asso-legrenier.org,,241 Avenue du 8 Mai 1945 76610 Le Havre,"0.43",housenumber,76351_4147_00241,"241",Avenue du 8 Mai 1945,,"76610",Le Havre,"76, Seine-Maritime, Normandie","76351",,,,,,,,,,,,,,,
LE GRENIER,71 COURS DE LA REPUBLIQUE,"76600",LE HAVRE,02 35 21 18 24,http://www.asso-legrenier.org,,71 Cours de la R�publique 76600 Le Havre,"0.43",housenumber,76351_6895_00071,"71",Cours de la R�publique,,"76600",Le Havre,"76, Seine-Maritime, Normandie","76351",,,,,,,,,,,,,,,
ASSOCIATION D'ENTRAIDE DU PLATEAU (AEP),ROUTE DU CHAMP DE FOIRE,"19290",PEYRELEVADE,05 55 94 74 70,https://aep2016.wordpress.com/,,Route du Champ de Foire 19290 Peyrelevade,"0.33",street,19164_0004,,Route du Champ de Foire,,"19290",Peyrelevade,"19, Corr�ze, Nouvelle-Aquitaine","19164",,,,,,,,,,,,,,,
ECO-TRIOUZOUNE,LA CHEZE,"19160",SAINT ETIENNE LA GENESTE,06 63 04 27 97,https://www.facebook.com/ECO-TRIouzoune-165815820244001/,,La Cheze 19160 Saint-�tienne-la-Geneste,"0.3",street,19200_lcqxzl,,La Cheze,,"19160",Saint-�tienne-la-Geneste,"19, Corr�ze, Nouvelle-Aquitaine","19200",,,,,,,,,,,,,,,
LE CARROUSSEL / RENOUVELLERIE DE HAUTE CORREZE,14BIS RUE DU MAZET,"19200",USSEL,07 81 62 05 75,https://www.facebook.com/Le-Carroussel-191313074401032/?ref=tn_tnmn,,14 bis Rue du Mazet 19200 Ussel,"0.2",housenumber,19275_0905_00014_bis,14 bis,Rue du Mazet,,"19200",Ussel,"19, Corr�ze, Nouvelle-Aquitaine","19275",,,,,,,,,,,,,,,
A TOUT VENANT / RESSOURCERIE GAILLARDE,135 AVENUE GEORGES POMPIDOU,"19100",BRIVE LA GAILLARDE,05 55 92 59 77,http://laressourceriegaillarde.fr,,135 Avenue Georges Pompidou 19100 Brive-la-Gaillarde,"0.39",housenumber,19031_2928_00135,"135",Avenue Georges Pompidou,,"19100",Brive-la-Gaillarde,"19, Corr�ze, Nouvelle-Aquitaine","19031",,,,,,,,,,,,,,,
COURT CIRCUIT,3 ROUTE DE VALLIERE,"23500",FELLETIN,05 55 66 24 11,http://court-circuit-felletin.org,,3 Route de Valli�re 23500 Felletin,"0.35",housenumber,23079_0393_00003,"3",Route de Valli�re,,"23500",Felletin,"23, Creuse, Nouvelle-Aquitaine","23079",,,,,,,,,,,,,,,
COURT CIRCUIT,47 GRANDE RUE,"23500",FELLETIN,05 55 66 24 11,http://court-circuit-felletin.org,,Grande Rue 23500 Felletin,"0.28",street,23079_0192,,Grande Rue,,"23500",Felletin,"23, Creuse, Nouvelle-Aquitaine","23079",,,,,,,,,,,,,,,
LES ATELIERS DE LA CREUSE / RECYCLABULLE,33 ROUTE DE CHER DU PRAT,"23000",GUERET,05 55 41 49 83,http://recyclabulle.org/,,33 Route de Cher du Prat 23000 Gu�ret,"0.33",housenumber,23096_0511_00033,"33",Route de Cher du Prat,,"23000",Gu�ret,"23, Creuse, Nouvelle-Aquitaine","23096",,,,,,,,,,,,,,,
RESSOURCERIE LA DYNAMO,1 ZA DES GRANGES,"23170",CHAMBON SUR VOUEIZE,"06 73 73 14 72
05 55 65 00 47",http://facebook.com/Ressourcerie.La.Dynamo,,Cote des Granges 23170 Chambon-sur-Voueize,"0.29",street,23045_b092,,Cote des Granges,,"23170",Chambon-sur-Voueize,"23, Creuse, Nouvelle-Aquitaine","23045",,,,,,,,,,,,,,,
ARTEEC,3 IMPASSE DE L'ARTISANAT,"24430",MARSAC SUR L'ISLE,05 53 46 65 46,http://arteec.org,,3 Impasse de l'Artisanat 24430 Marsac-sur-l'Isle,"0.54",housenumber,24256_0010_00003,"3",Impasse de l'Artisanat,,"24430",Marsac-sur-l'Isle,"24, Dordogne, Nouvelle-Aquitaine","24256",,,,,,,,,,,,,,,
LE TRI CYCLE ENCHANTE,GRAND RUE,"24310",BOURDEILLES,05 53 03 73 04,http://tri-cycle.org,,Grand Rue 24310 Bourdeilles,"0.32",street,24055_b148,,Grand Rue,,"24310",Bourdeilles,"24, Dordogne, Nouvelle-Aquitaine","24055",,,,,,,,,,,,,,,
ATELIER D'ECO SOLIDAIRE,7 RUE LA MOTTE PICQUET,"33300",BORDEAUX,05 56 10 46 19,http://atelierdecosolidaire.com,,7 Rue la Motte Picquet 33300 Bordeaux,"0.37",housenumber,33063_5148_00007,"7",Rue la Motte Picquet,,"33300",Bordeaux,"33, Gironde, Nouvelle-Aquitaine","33063",,,,,,,,,,,,,,,
LA RECYCLERIE DU BAZADAIS,12 CHEMIN DE BARRAOU,"33430",BAZAS,09 53 48 86 19,http://recycleriedubazadais.fr,,12 Chemin de Barraou 33430 Bazas,"0.32",housenumber,33036_0444_00012,"12",Chemin de Barraou,,"33430",Bazas,"33, Gironde, Nouvelle-Aquitaine","33036",,,,,,,,,,,,,,,
ARQC / RESSOURCERIE DE CENON PALMER,28 RUE CAMILLE PELLETAN,"33150",CENON,05 57 77 24 10,http://regie-quartier-cenon.fr,,Rue Camille Pelletan 33150 Cenon,"0.3",street,33119_0215,,Rue Camille Pelletan,,"33150",Cenon,"33, Gironde, Nouvelle-Aquitaine","33119",,,,,,,,,,,,,,,
MAXIMUM,LES MASGRIMAUDS,"87160",MAILHAC SUR BENAIZE,05 55 76 22 78,http://associationmaximum.com,,Les Masgrimauds 87160 Mailhac-sur-Benaize,"0.42",street,87090_f1feyi,,Les Masgrimauds,,"87160",Mailhac-sur-Benaize,"87, Haute-Vienne, Nouvelle-Aquitaine","87090",,,,,,,,,,,,,,,
LANDES RESSOURCERIE,ROUTE DE PAU,"40800",AIRE SUR L'ADOUR,05 58 06 40 74,http://landes-ressourcerie.fr,,Route de Pau 40800 Aire-sur-l'Adour,"0.36",street,40001_0720,,Route de Pau,,"40800",Aire-sur-l'Adour,"40, Landes, Nouvelle-Aquitaine","40001",,,,,,,,,,,,,,,
LANDES RESSOURCERIE / ADOUR RESSOURCERIE,5 RUE DES BRUYERES,"64160",MORLAAS,05 59 02 07 26,http://landes-ressourcerie.fr,,5 Rue des Bruy�res 64160 Morla�s,"0.29",housenumber,64405_0276_00005,"5",Rue des Bruy�res,,"64160",Morla�s,"64, Pyr�n�es-Atlantiques, Nouvelle-Aquitaine","64405",,,,,,,,,,,,,,,
AFDAS-DPM,27 RUE JOLIOT CURIE,"47240",BON ENCONTRE,"05 53 66 38 38
",http://afdas-dpm.fr,,27 Rue Joliot Curie 47240 Bon-Encontre,"0.46",housenumber,47032_0090_00027,"27",Rue Joliot Curie,,"47240",Bon-Encontre,"47, Lot-et-Garonne, Nouvelle-Aquitaine","47032",,,,,,,,,,,,,,,
AU RECYCLE TOUT,LABRO,"47140",SAINT SYLVESTRE SUR LOT,07 85 17 67 06,http://aurecycletout.org,,Labro 47140 Saint-Sylvestre-sur-Lot,"0.38",street,47280_7fj2dw,,Labro,,"47140",Saint-Sylvestre-sur-Lot,"47, Lot-et-Garonne, Nouvelle-Aquitaine","47280",,,,,,,,,,,,,,,
"BAZAR, ETC.",111 RUE DE GOISE,"79000",NIORT,05 16 25 70 48,https://www.facebook.com/Bazar.etc,,111 Rue de Goise 79000 Niort,"0.34",housenumber,79191_2440_00111,"111",Rue de Goise,,"79000",Niort,"79, Deux-S�vres, Nouvelle-Aquitaine","79191",,,,,,,,,,,,,,,
CERR / RESSOURCERIE ZERO NEUF,CENTRE COMMERCIAL MARVEILLE,"09350",BORDES SUR ARIZE,09 70 94 24 88,http://cerr.fr,,Plaine de Marveille de Hau 09350 Les Bordes-sur-Arize,"0.32",locality,09061_b132,,Plaine de Marveille de Hau,,"09350",Les Bordes-sur-Arize,"09, Ari�ge, Occitanie","09061",,,,,,,,,,,,,,,
MP2 ENVIRONNEMENT / LE MARCHEPIED,8 AVENUE DU GENERAL DE GAULLE,"11200",LEZIGNAN CORBIERES,04 68 27 41 74,http://mp2environnement.com,,8 Avenue du General de Gaulle 11200 L�zignan-Corbi�res,"0.42",housenumber,11203_0650_00008,"8",Avenue du General de Gaulle,,"11200",L�zignan-Corbi�res,"11, Aude, Occitanie","11203",,,,,,,,,,,,,,,
LE PARCHEMIN,ZA D'OCCITANIE - RUE JEAN MERMOZ,"11300",LIMOUX,04 68 31 49 25,http://leparchemin.org,,Rue Jean Mermoz 11300 Limoux,"0.31",street,11206_0661,,Rue Jean Mermoz,,"11300",Limoux,"11, Aude, Occitanie","11206",,,,,,,,,,,,,,,
LA RECYCLERIE DU ROUERGUE,ZI DES GRAVASSES - RUE GABRIEL SOULIE,"12200",VILLEFRANCHE DE ROUERGUE,05 65 45 54 39,http://www.recycleriedurouergue.com/,,Rue Gabriel Souli� 12200 Villefranche-de-Rouergue,"0.35",street,12300_1235,,Rue Gabriel Souli�,,"12200",Villefranche-de-Rouergue,"12, Aveyron, Occitanie","12300",,,,,,,,,,,,,,,
RESSOURCERIE REA-NIMES,18 RUE DES PLATANETTES,"30000",NIMES,06 22 42 17 92,https://www.facebook.com/ressourcerie.nimes/,,18 Rue des Platanettes 30000 N�mes,"0.32",housenumber,30189_6412_00018,"18",Rue des Platanettes,,"30000",N�mes,"30, Gard, Occitanie","30189",,,,,,,,,,,,,,,
LA CLEDE,2 RUE GEORGE SAND,"30100",ALES,04 66 56 52 81,https://www.facebook.com/ressourcerielaclede/,,2 Rue George Sand 30100 Al�s,"0.3",housenumber,30007_1145_00002,"2",Rue George Sand,,"30100",Al�s,"30, Gard, Occitanie","30007",,,,,,,,,,,,,,,
RDEVOLUTION / LA RESSOURCERIE DU PONT,15 QUAI DU PONT,"30120",LE VIGAN,"07 82 39 99 14
09 72 38 93 01",http://rdevolution.org,,15 Quai du Pont 30120 Le Vigan,"0.26",housenumber,30350_1k3hm6_00015,"15",Quai du Pont,,"30120",Le Vigan,"30, Gard, Occitanie","30350",,,,,,,,,,,,,,,
VALORIS,"12 RUE FEDERICO GARCIA LORCA �
ZONE INDUSTRIELLE DE L�HIPPODROME","32000",AUCH,05 62 05 98 46,http://asso-valoris.fr,,12 Rue F�d�rico Garcia Lorca 32000 Auch,"0.34",housenumber,32013_1837_00012,"12",Rue F�d�rico Garcia Lorca,,"32000",Auch,"32, Gers, Occitanie","32013",,,,,,,,,,,,,,,
LA GLANERIE,37 IMPASSE DE LA GLACIERE,"31200",TOULOUSE,05 61 26 83 40,http://la-glanerie.org,,37 Impasse de la Glaci�re 31200 Toulouse,"0.47",housenumber,31555_3922_00037,"37",Impasse de la Glaci�re,,"31200",Toulouse,"31, Haute-Garonne, Occitanie","31555",,,,,,,,,,,,,,,
LA GLANERIE,2 AVENUE DE LA GLOIRE,"31500",TOULOUSE,05 61 26 83 40,http://la-glanerie.org,,2 Avenue de la Gloire 31500 Toulouse,"0.44",housenumber,31555_3940_00002,"2",Avenue de la Gloire,,"31500",Toulouse,"31, Haute-Garonne, Occitanie","31555",,,,,,,,,,,,,,,
RECOBRADA,8 AVENUE DE SAINT JULIEN,"31220",CAZERES,07 81 49 51 13 / 07 68 17 84 86,http://recobrada.org,,8 Avenue de Saint-julien 31220 Caz�res,"0.39",housenumber,31135_0385_00008,"8",Avenue de Saint-julien,,"31220",Caz�res,"31, Haute-Garonne, Occitanie","31135",,,,,,,,,,,,,,,
BON DEBARRAS,66 AVENUE JEAN JAURES,"34600",BEDARIEUX,09 53 55 34 76,https://www.facebook.com/RessourcerieBonDebarras/,,66 Avenue Jean Jaures 34600 B�darieux,"0.33",housenumber,34028_0650_00066,"66",Avenue Jean Jaures,,"34600",B�darieux,"34, H�rault, Occitanie","34028",,,,,,,,,,,,,,,
CONVERGENCES 34 / ERCA INITIATIVES,9 RUE DU LANTISSARGUES,"34070",MONTPELLIER,04 67 58 72 43,https://www.gammes.org/erca/nos-ateliers/erca/,,9 Rue du Lantissargues 34070 Montpellier,"0.32",housenumber,34172_3165_00009,"9",Rue du Lantissargues,,"34070",Montpellier,"34, H�rault, Occitanie","34172",,,,,,,,,,,,,,,
CONVERGENCES 34 / ARTEX,9 RUE DE LA RAFFINERIE,"34000",MONTPELLIER,04 67 58 51 46,https://www.gammes.org/erca/nos-ateliers/artex/,,9 Rue de la Raffinerie 34000 Montpellier,"0.35",housenumber,34172_4760_00009,"9",Rue de la Raffinerie,,"34000",Montpellier,"34, H�rault, Occitanie","34172",,,,,,,,,,,,,,,
CONVERGENCES 34 / LA GAMINERIE,RUE DU MAS DE MERLE,"34070",MONTPELLIER,04 67 20 23 82,https://www.gammes.org/erca/nos-ateliers/la-gaminerie/,,Rue du Mas de Merle 34070 Montpellier,"0.3",street,34172_3600,,Rue du Mas de Merle,,"34070",Montpellier,"34, H�rault, Occitanie","34172",,,,,,,,,,,,,,,
CONVERGENCES 34 / LA BOUTIQUE DES ATELIERS,16 AVENUE GEORGES CLEMENCEAU,"34000",MONTPELLIER,04 67 58 70 64,https://www.gammes.org/erca/nos-ateliers/la-boutique-des-ateliers/,,16 Avenue Georges Cl�menceau 34000 Montpellier,"0.3",housenumber,34172_2580_00016,"16",Avenue Georges Cl�menceau,,"34000",Montpellier,"34, H�rault, Occitanie","34172",,,,,,,,,,,,,,,
CONVERGENCES 34 / RESSOURCERIE COEUR D'HERAULT,16 AVENUE DU MARECHAL FOCH,"34800",CLERMONT L'HERAULT,04 99 91 20 42,https://www.gammes.org/erca/nos-ateliers/ressourceriecoeurdherault/,,16 Avenue Marechal Foch 34800 Clermont-l'H�rault,"0.28",housenumber,34079_0800_00016,"16",Avenue Marechal Foch,,"34800",Clermont-l'H�rault,"34, H�rault, Occitanie","34079",,,,,,,,,,,,,,,
LE RECYCLAGE LODEVOIS,ROUTE DE MONTPELLIER,"34700",LODEVE,09 84 57 10 25,http://lerecyclagelodevois.com,,Route de Montpellier 34700 Lod�ve,"0.34",street,34142_0770,,Route de Montpellier,,"34700",Lod�ve,"34, H�rault, Occitanie","34142",,,,,,,,,,,,,,,
L'ARECUP,3 RUE DE LA DRAINE - ZONE DU CAUSSE D'AUGE,"48000",MENDE,04 66 31 47 75,https://www.facebook.com/ressourcerielarecup/,,3 Route du Causse d'Auge 48000 Mende,"0.28",housenumber,48095_0322_00003,"3",Route du Causse d'Auge,,"48000",Mende,"48, Loz�re, Occitanie","48095",,,,,,,,,,,,,,,
AEPI,1245 AVENUE DU LANGUEDOC,"66000",PERPIGNAN,04 68 52 57 16,https://laressourceriedeperpignan.com/,,1245 Avenue du Languedoc 66000 Perpignan,"0.42",housenumber,66136_2905_01245,"1245",Avenue du Languedoc,,"66000",Perpignan,"66, Pyr�n�es-Orientales, Occitanie","66136",,,,,,,,,,,,,,,
IDDEES,27 AVENUE DES TOURONDES,"82300",CAUSSADE,05 63 31 13 05,http://iddees.fr,,27 Avenue des Tourondes 82300 Caussade,"0.49",housenumber,82037_0480_00027,"27",Avenue des Tourondes,,"82300",Caussade,"82, Tarn-et-Garonne, Occitanie","82037",,,,,,,,,,,,,,,
RECYCLERIE NORD ATLANTIQUE / BOUTIQUE SOLIDAIRE DE SAVENAY,LE POINT DU JOUR,"44260",SAVENAY,02 40 05 38 21,https://recyclerienordatlantique.org/,,Le Point du Jour 44260 Savenay,"0.29",locality,44195_b321,,Le Point du Jour,,"44260",Savenay,"44, Loire-Atlantique, Pays de la Loire","44195",,,,,,,,,,,,,,,
RECYCLERIE NORD ATLANTIQUE / BOUTIQUE SOLIDAIRE DE DREFFEAC,ZA LES PONTEREAUX,"44530",DREFFEAC,06 70 27 68 64,https://recyclerienordatlantique.org/,,Rue des Pontereaux 44530 Drefféac,"0.28",street,44053_0118,,Rue des Pontereaux,,"44530",Dreff�ac,"44, Loire-Atlantique, Pays de la Loire","44053",,,,,,,,,,,,,,,
LA RESSOURCERIE DE L'ILE,90 RUE DE LA BASSE-ILE,"44400",REZE,02 28 23 64 47,http://laressourceriedelile.com,,90 Rue de la Basse Ile 44400 Rez�,"0.33",housenumber,44143_0290_00090,"90",Rue de la Basse Ile,,"44400",Rez�,"44, Loire-Atlantique, Pays de la Loire","44143",,,,,,,,,,,,,,,
L'ATELIER DU RETZ EMPLOI,7 IMPASSE DU CLOS NEUF - ZA LES BERTHAUDIERES,"44680",SAINTE PAZANNE,02 40 65 89 09,http://atelierduretzemploi.org,,Avenue des Berthaudi�res 44680 Sainte-Pazanne,"0.29",street,44186_0090,,Avenue des Berthaudi�res,,"44680",Sainte-Pazanne,"44, Loire-Atlantique, Pays de la Loire","44186",,,,,,,,,,,,,,,
L'ATELIER DU RETZ EMPLOI,18 RUE DU DOCTEUR SOURDILLE,"44640",LE PELLERIN,02 40 65 89 09,http://atelierduretzemploi.org,,18 Rue du Docteur Sourdille 44640 Le Pellerin,"0.39",housenumber,44120_0355_00018,"18",Rue du Docteur Sourdille,,"44640",Le Pellerin,"44, Loire-Atlantique, Pays de la Loire","44120",,,,,,,,,,,,,,,
L'ATELIER DU RETZ EMPLOI,CHEMIN DES POTENCES / PARC D'ACTIVITES DE LA GUERCHE,"44250",SAINT BREVIN,02 40 27 69 05,http://atelierduretzemploi.org,,Chemin des Potences 44250 Saint-Brevin-les-Pins,"0.31",street,44154_2417,,Chemin des Potences,,"44250",Saint-Brevin-les-Pins,"44, Loire-Atlantique, Pays de la Loire","44154",,,,,,,,,,,,,,,
ASPIRE,270 RUE DU CLOS BONNET,"49400",SAUMUR,02 41 67 74 00,http://aspiresaumur.fr,,270 Rue du Clos Bonnet 49400 Saumur,"0.45",housenumber,49328_0600_00270,"270",Rue du Clos Bonnet,,"49400",Saumur,"49, Maine-et-Loire, Pays de la Loire","49328","49328",Saumur,,,,,,,,,,,,,
ASPIRE,167 PRE MILLEAU,"49630",MAZE-MILON,02 41 68 42 13,http://aspiresaumur.fr,,Pre Barreau (Maz�) 49630 Maz�-Milon,"0.32",locality,49194_b271,,Pre Barreau (Maz�),,"49630",Maz�-Milon,"49, Maine-et-Loire, Pays de la Loire","49194","49194",Maz�,,,,,,,,,,,,,
RESSOURCERIE DES BISCOTTES,19 AVENUE DU MOULIN MARCILLE - SITE DES BISCOTTES,"49130",LES PONTS DE CE,02 53 20 31 96,http://ressourceriedesbiscottes.fr ,,19 Avenue du Moulin Marcille 49130 Les Ponts-de-C�,"0.35",housenumber,49246_0668_00019,"19",Avenue du Moulin Marcille,,"49130",Les Ponts-de-C�,"49, Maine-et-Loire, Pays de la Loire","49246",,,,,,,,,,,,,,,
RESSOURCERIE RECUP&CO,2BIS RUE DES BALAIS,"72600",MAMERS,02 43 33 31 03,http://ressourcerie-recupetco.fr/,,Rue 3 Fr Dussart 32 Res Feria 59192 Beuvrages,"0.2",street,59079_0571,,Rue 3 Fr Dussart 32 Res Feria,,"59192",Beuvrages,"59, Nord, Hauts-de-France","59079",,,,,,,,,,,,,,,
RESSOURCERIE RECUP&CO,111 RUE BRETONNERIE,"28400",NOGENT LE ROTROU,06 34 24 35 10,http://ressourcerie-recupetco.fr/,,111 Rue Bretonnerie 28400 Nogent-le-Rotrou,"0.38",housenumber,28280_0210_00111,"111",Rue Bretonnerie,,"28400",Nogent-le-Rotrou,"28, Eure-et-Loir, Centre-Val de Loire","28280",,,,,,,,,,,,,,,
COMMUNE DE L'ILE D'YEU,QUAI DE LA MAIRIE,"85350",ILE D'YEU,02 51 59 45 45,http://mairie.ile-yeu.fr,,Quai de la Mairie 85350 L'�le-d'Yeu,"0.37",street,85113_5040,,Quai de la Mairie,,"85350",L'�le-d'Yeu,"85, Vend�e, Pays de la Loire","85113",,,,,,,,,,,,,,,
STATIONS SERVICES,9 RUE DE LA BAUCHE THIRAUD,"44400",REZE,02 28 96 11 65,http://www.stations-services.org/,,9 Rue de la Bauche Thiraud 44400 Rez�,"0.37",housenumber,44143_0317_00009,"9",Rue de la Bauche Thiraud,,"44400",Rez�,"44, Loire-Atlantique, Pays de la Loire","44143",,,,,,,,,,,,,,,
STATIONS SERVICES / GRAND MAGASIN,2 RUE DE L'EVECHE,"44000",NANTES,09 66 65 12 44,http://www.grandmagasin.org/#1,,2 Rue de l'Ev�ch� 44000 Nantes,"0.31",housenumber,44109_2992_00002,"2",Rue de l'Ev�ch�,,"44000",Nantes,"44, Loire-Atlantique, Pays de la Loire","44109",,,,,,,,,,,,,,,
STATIONS SERVICES / LE SUPERMARCHE DU REEMPLOI,43 RUE DE LA BOTTIERE,"44300",NANTES,,http://www.stations-services.org/,,43 Rue de la Botti�re 44300 Nantes,"0.33",housenumber,44109_1072_00043,"43",Rue de la Botti�re,,"44300",Nantes,"44, Loire-Atlantique, Pays de la Loire","44109",,,,,,,,,,,,,,,
RESSOURCERIE DE HAUTE PROVENCE,AVENUE DU LANGUEDOC / ZA DES BASTIDES BLANCHES,"04220",SAINTE TULLE,04 65 10 01 37,http://ressourcerie-haute-provence.fr/,,ZA les Bastides Blanches 04220 Sainte-Tulle,"0.29",street,04197_b052,,ZA les Bastides Blanches,,"04220",Sainte-Tulle,"04, Alpes-de-Haute-Provence, Provence-Alpes-C�te d'Azur","04197",,,,,,,,,,,,,,,
RESSOURCERIE DE HAUTE PROVENCE,ZA LES BLACHES GOMBERT,"04160",CHATEAU ARNOUX SAINT AUBAN,09 72 66 73 64,http://ressourcerie-haute-provence.fr/,,Avenue de Blaches Gombert 04160 Ch�teau-Arnoux-Saint-Auban,"0.39",street,04049_0128,,Avenue de Blaches Gombert,,"04160",Ch�teau-Arnoux-Saint-Auban,"04, Alpes-de-Haute-Provence, Provence-Alpes-C�te d'Azur","04049",,,,,,,,,,,,,,,
LES ATELIERS DE L'ENVOLEE,37 RUE DES COMBES,"04200",SISTERON,04 92 32 47 14,http://lesateliersdelenvolee.fr/,,37 Rue des Combes 04200 Sisteron,"0.31",housenumber,04209_0280_00037,"37",Rue des Combes,,"04200",Sisteron,"04, Alpes-de-Haute-Provence, Provence-Alpes-C�te d'Azur","04209",,,,,,,,,,,,,,,
FONDATION PSP ACTES / ACTES RESSOURCES,8 AVENUE URBAIN BOSIO,"06300",NICE,04 97 08 82 30,http://psp-actes.org,,8 Avenue Urbain Bosio 06300 Nice,"0.33",housenumber,06088_6490_00008,"8",Avenue Urbain Bosio,,"06300",Nice,"06, Alpes-Maritimes, Provence-Alpes-C�te d'Azur","06088",,,,,,,,,,,,,,,
CROIX ROUGE INSERTION / IMPULSE TOIT,63 BOULEVARD BALTHAZAR BLANC,"13015",MARSEILLE,04 91 05 99 88,http://impulsetoit.com,,Boulevard Balthazar Blanc 13015 Marseille,"0.37",street,13215_0709,,Boulevard Balthazar Blanc,,"13015",Marseille,"13, Bouches-du-Rh�ne, Provence-Alpes-C�te d'Azur","13215",,,Marseille 15e Arrondissement,,,,,,,,,,,,
DECLIC 13 / LA RECYCLERIE,BAT E19 ALLEE DES ECHOPPES,"13800",ISTRES,09 63 47 20 14,https://www.facebook.com/declic13recyclerie/,,All�e des Echoppes 13800 Istres,"0.27",street,13047_0248,,All�e des Echoppes,,"13800",Istres,"13, Bouches-du-Rh�ne, Provence-Alpes-C�te d'Azur","13047",,,,,,,,,,,,,,,
DECLIC 13 / LA RECYCLERIE,39BIS AVENUE MARIUS CHALVE,"13140",MIRAMAS,04 90 57 49 68,https://www.facebook.com/declic13recyclerie/,,39 b Avenue Marius Chalve 13140 Miramas,"0.31",housenumber,13063_0194_00039_b,39 b,Avenue Marius Chalve,,"13140",Miramas,"13, Bouches-du-Rh�ne, Provence-Alpes-C�te d'Azur","13063",,,,,,,,,,,,,,,
EVOLIO / RESSOURCERIE PAE,28 RUE DU DIRIGEABLE,"13400 ",AUBAGNE,04 42 72 47 86,https://www.ressourcerie-ledirigeable.fr/,,28 Rue du Dirigeable 13400 Aubagne,"0.31",housenumber,13005_0517_00028,"28",Rue du Dirigeable,,"13400",Aubagne,"13, Bouches-du-Rh�ne, Provence-Alpes-C�te d'Azur","13005",,,,,,,,,,,,,,,
EVOLIO / RESSOURCERIE PAE,7 RUE DES ANEMONES,"13120",GARDANNE,06 78 75 01 74,https://ressourcerie-evolio.lyl.website/,,Avenue des An�mones 13120 Gardanne,"0.27",street,13041_ywhgsl,,Avenue des An�mones,,"13120",Gardanne,"13, Bouches-du-Rh�ne, Provence-Alpes-C�te d'Azur","13041",,,,,,,,,,,,,,,
RECYCLODROME,21 RUE CHATEAUREDON,"13001",MARSEILLE,09 54 24 62 46,http://recyclodrome.org,,21 Rue Chateauredon 13001 Marseille,"0.41",housenumber,13201_2177_00021,"21",Rue Chateauredon,,"13001",Marseille,"13, Bouches-du-Rh�ne, Provence-Alpes-C�te d'Azur","13201",,,Marseille 1er Arrondissement,,,,,,,,,,,,
RE-SOURCES / RESSOURCERIE DU PAYS D'ARLES,76 AVENUE DE HONGRIE,"13200",ARLES,06 98 98 03 39,https://www.facebook.com/ressourceriepa/,,76 Avenue de Hongrie 13200 Arles,"0.27",housenumber,13004_2120_00076,"76",Avenue de Hongrie,,"13200",Arles,"13, Bouches-du-Rh�ne, Provence-Alpes-C�te d'Azur","13004",,,,,,,,,,,,,,,
VALTRI / HISTOIRES SANS FIN,6 ALLEE DES PLATANES,"13770",VENELLES,04 42 51 34 54,http://histoires-sans-fin.fr,,6 Allee des Platanes 13770 Venelles,"0.34",housenumber,13113_6646_00006,"6",Allee des Platanes,,"13770",Venelles,"13, Bouches-du-Rh�ne, Provence-Alpes-C�te d'Azur","13113",,,,,,,,,,,,,,,
ASSOCIATION LES CHANTIERS DU PAYS DE MARTIGUES,PLACE DU DOCTEUR GRANIER - QUARTIER DE L'ILE,"13500",MARTIGUES,04 42 49 05 25,,,Rue du Docteur Frederic Granier 13007 Marseille,"0.26",street,13207_2851,,Rue du Docteur Frederic Granier,,"13007",Marseille,"13, Bouches-du-Rh�ne, Provence-Alpes-C�te d'Azur","13207",,,Marseille 7e Arrondissement,,,,,,,,,,,,
REGIE SERVICE 13,98 AVENUE DE LA CROIX ROUGE,"13013",MARSEILLE,04 96 13 03 70,https://www.facebook.com/R%C3%A9gie-Service-13-245457122566196/,,98 Avenue de la Croix Rouge 13013 Marseille,"0.33",housenumber,13213_2630_00098,"98",Avenue de la Croix Rouge,,"13013",Marseille,"13, Bouches-du-Rh�ne, Provence-Alpes-C�te d'Azur","13213",,,Marseille 13e Arrondissement,,,,,,,,,,,,
COMMUNAUTE DE COMMUNES DE SERRE PONCON / RESSOURCERIE DE PRALONG,ZONE D'ACTIVITES DE PRALONG,"05200",EMBRUN,04 92 43 76 27,http://ccserreponcon.com/ressourcerie-pralong,,Rue de Serre Pon�on 13300 Salon-de-Provence,"0.21",street,13103_1837,,Rue de Serre Pon�on,,"13300",Salon-de-Provence,"13, Bouches-du-Rh�ne, Provence-Alpes-C�te d'Azur","13103",,,,,,,,,,,,,,,
ENVIRONNEMENT ET SOLIDARITE - CPIE HAUTE DURANCE / RESSOURCERIE LA MIRAILLE,ANCIENNE ECOLE / ROUTE NATIONALE 94,"05120",SAINT MARTIN DE QUEYRIERES,04 92 49 62 88,http://lamiraille.org,,Route Nationale 94 05120 Saint-Martin-de-Queyri�res,"0.29",street,05151_maw055,,Route Nationale 94,,"05120",Saint-Martin-de-Queyri�res,"05, Hautes-Alpes, Provence-Alpes-C�te d'Azur","05151",,,,,,,,,,,,,,,
LE NEZ AU VENT,2BIS ROUTE DE GAP,"05300",LARAGNE MONTEGLIN,04 92 21 49 56,https://www.asso-nez-au-vent.fr/,,2 bis Route de Gap 05300 Laragne-Mont�glin,"0.39",housenumber,05070_0203_00002_bis,2 bis,Route de Gap,,"05300",Laragne-Mont�glin,"05, Hautes-Alpes, Provence-Alpes-C�te d'Azur","05070",,,,,,,,,,,,,,,
LA COURTOISE RESSOURCERIE,CHEMIN DE BONNEVAL - QUARTIER LA COURTOISE,"83470",SAINT-MAXIMIN-LA SAINTE BAUME,04 94 72 01 50,http://courtoiseressourcerie.com,,Quartier la Courtoise 84380 Mazan,"0.19",street,84072_wrkjrc,,Quartier la Courtoise,,"84380",Mazan,"84, Vaucluse, Provence-Alpes-C�te d'Azur","84072",,,,,,,,,,,,,,,
DE FIL EN AIGUILLE,22 BOULEVARD DE VERDUN,"84240",LA TOUR D'AIGUES,09 80 46 37 19,http://de-fil-en-aiguille.org,,22 Boulevard de Verdun 84240 La Tour-d'Aigues,"0.41",housenumber,84133_0927_00022,"22",Boulevard de Verdun,,"84240",La Tour-d'Aigues,"84, Vaucluse, Provence-Alpes-C�te d'Azur","84133",,,,,,,,,,,,,,,
HAPA / RECYCLERIE APT LUBERON,479 AVENUE DE ROUMANILLE,"84400",APT,"06 83 49 55 90
04 90 71 90 01",http://hebergement-urgence-apt.com,,479 Avenue de Roumanille 84400 Apt,"0.28",housenumber,84003_0869_00479,"479",Avenue de Roumanille,,"84400",Apt,"84, Vaucluse, Provence-Alpes-C�te d'Azur","84003",,,,,,,,,,,,,,,
RESSOURCERIE DU COMTAT,9BIS RUE COLBERT,"84200",CARPENTRAS,04 90 41 90 07,http://ressourcerie-comtat.fr/,,9 bis Rue Colbert 84200 Carpentras,"0.32",housenumber,84031_0465_00009_bis,9 bis,Rue Colbert,,"84200",Carpentras,"84, Vaucluse, Provence-Alpes-C�te d'Azur","84031",,,,,,,,,,,,,,,
AMORCE,18 RUE GABRIELO PERI,"69623",VILLEURBANNE,"04 72 74 09 77
",http://amorce.asso.fr,,18 Rue Gabriel P�ri 69100 Villeurbanne,"0.39",housenumber,69266_1757_00018,"18",Rue Gabriel P�ri,,"69100",Villeurbanne,"69, Rh�ne, Auvergne-Rh�ne-Alpes","69266",,,,,,,,,,,,,,,
CERCLE NATIONAL DU RECYCLAGE (CNR),5 RUE JULES DE VICQ,"59000",LILLE,03 20 85 85 22,http://cercle-recyclage.asso.fr,,5 Rue Jules de Vicq 59800 Lille,"0.29",housenumber,59350_5097_00005,"5",Rue Jules de Vicq,,"59800",Lille,"59, Nord, Hauts-de-France","59350","59350",Lille,,,,,,,,,,,,,
,,,,,,,,,,,,,,,,,,,,,,,,,,,,,,,,
RECYCLERIE NORD ATLANTIQUE / BOUTIQUE SOLIDAIRE DE BLAIN,1 RUE DENIS PAPIN,"44130",BLAIN,,https://recyclerienordatlantique.org/,,,,,,,,,,,,,,,,,,,,,,,,,,,
RECYCLERIE NORD ATLANTIQUE / BOUTIQUE SOLIDAIRE DE NORT-SUR-ERDRE,3 RUE DE L'OCEAN - ZA DE LA SANGLE,"44390",NORT SUR ERDRE,02 40 93 22 08,https://recyclerienordatlantique.org/,,,,,,,,,,,,,,,,,,,,,,,,,,,
ASSOCIATION LA RASCASSE  / La P'tite Pagaille,65 RUE MOLIERE,"94200",IVRY SUR SEINE,07 81 65 03 01 / 09 80 53 86 90,http://la-pagaille.org/,,,,,,,,,,,,,,,,,ASSOCIATION LA RASCASSE  / La P'tite Pagaille,,,,,,,,,,
ASSOCIATION LA RASCASSE / Recyclerie La Pagaille,15 RUE ERNEST RENAN,"94200",IVRY SUR SEINE,07 81 65 03 01  / 09 80 53 86 90,http://la-pagaille.org/,,,,,,,,,,,,,,,,,ASSOCIATION LA RASCASSE / Recyclerie La Pagaille,,,,,,,,,,
L'AGENCE DU PATRIMOINE / REORIENT'EXPRESS RESSOURCERIE,27 RUE DE VERDUN,"71170",CHAUFFAILLES,03.85.81.96.29,http://agencedupatrimoine.org/,,,,,,,,,,,,,,,,,L'AGENCE DU PATRIMOINE / REORIENT'EXPRESS RESSOURCERIE,"2916483475",N,France,place,"27",Chauffailles,Rue de Verdun,house,"71170",Bourgogne-Franche-Comté
